experiment_family,experiment_name,crop,horizon_days,validation_rows,validation_start,validation_end,mae,rmse,r2,mape_pct,wape_pct,train_rows,target_mode,normalization_mode
tabular_variant,histgb_cross_crop_delta_current_mean_center,onion,1,8678,2025-10-03,2025-12-31,141.2481374127977,229.63289610334098,0.9466695238715154,5.640987886586359,5.286639041170312,10000,delta_current,series_mean_center
tabular_variant,histgb_cross_crop_delta_current_mean_center,onion,2,8412,2025-10-03,2025-12-31,211.7547941333527,309.96441800747493,0.9031506253585302,8.382016242207012,7.902098008092187,10000,delta_current,series_mean_center
tabular_variant,histgb_cross_crop_delta_current_mean_center,onion,3,8146,2025-10-03,2025-12-31,230.3338463651708,328.4185089673686,0.8917073373199745,9.156084940796896,8.568702625467337,10000,delta_current,series_mean_center
tabular_variant,histgb_cross_crop_delta_current_mean_center,onion,4,7880,2025-10-03,2025-12-31,244.8127614852177,346.01224793553354,0.880267760629178,9.879257353157714,9.074851890554088,10000,delta_current,series_mean_center
tabular_variant,histgb_cross_crop_delta_current_mean_center,onion,5,7615,2025-10-03,2025-12-31,283.0983668576616,395.49439332811676,0.8441403891107189,10.842538191578248,10.456594567962211,10000,delta_current,series_mean_center
tabular_variant,histgb_cross_crop_delta_current_mean_center,onion,6,7350,2025-10-03,2025-12-31,271.3223516594923,386.4012258216056,0.851764320405969,10.59197423259817,9.982203305246271,10000,delta_current,series_mean_center
tabular_variant,histgb_cross_crop_delta_current_mean_center,onion,7,7085,2025-10-03,2025-12-31,331.54193794668083,457.9266892487216,0.7925707802953639,12.518512625854584,12.143831473964452,10000,delta_current,series_mean_center
tabular_variant,histgb_cross_crop_delta_current_mean_center,onion,8,6821,2025-10-03,2025-12-31,365.58997593118306,484.23015262795184,0.7687179060495767,14.079073457220414,13.331094811892164,10000,delta_current,series_mean_center
tabular_variant,histgb_cross_crop_delta_current_mean_center,onion,9,6557,2025-10-03,2025-12-31,379.76380360712295,510.3401092310605,0.7435689164870762,13.953924724731015,13.781843813056083,10000,delta_current,series_mean_center
tabular_variant,histgb_cross_crop_delta_current_mean_center,onion,10,6293,2025-10-03,2025-12-31,352.32670136548836,472.5656470715615,0.7809245624793049,13.15677854674004,12.717941771451342,10000,delta_current,series_mean_center
tabular_variant,histgb_cross_crop_delta_current_mean_center,onion,11,6030,2025-10-03,2025-12-31,409.51281427696307,532.3727209220986,0.7225168268486224,15.664321268121087,14.70118300907056,10000,delta_current,series_mean_center
tabular_variant,histgb_cross_crop_delta_current_mean_center,onion,12,5766,2025-10-03,2025-12-31,422.28195637746455,549.7067602911171,0.7050513744160722,15.004027346722493,15.066864282458386,10000,delta_current,series_mean_center
tabular_variant,histgb_cross_crop_delta_current_mean_center,onion,13,5502,2025-10-03,2025-12-31,437.5457265089467,560.2309010470262,0.6945185718721296,15.819707217198358,15.511069363476324,10000,delta_current,series_mean_center
tabular_variant,histgb_cross_crop_delta_current_mean_center,onion,14,5238,2025-10-03,2025-12-31,393.05234109272567,505.02819372297336,0.7527715158344828,13.982658351848837,13.838478694805243,10000,delta_current,series_mean_center
tabular_variant,histgb_cross_crop_delta_current_mean_center,onion,15,4974,2025-10-03,2025-12-31,432.3012293956226,550.8767976178602,0.7075443801322037,15.20934192495768,15.118596487052233,10000,delta_current,series_mean_center
tabular_variant,histgb_cross_crop_delta_current_mean_center,potato,1,4113,2025-09-02,2025-11-30,148.0735388695907,287.8553638855296,0.9603004220216536,4.94677570377242,5.640237394683826,10000,delta_current,series_mean_center
tabular_variant,histgb_cross_crop_delta_current_mean_center,potato,2,3984,2025-09-02,2025-11-30,158.776180652675,289.71438026671717,0.9595672050225778,5.4815814303116435,6.053472710662025,10000,delta_current,series_mean_center
tabular_variant,histgb_cross_crop_delta_current_mean_center,potato,3,3855,2025-09-02,2025-11-30,175.3488078957833,332.4110340550348,0.946542585744653,5.9548454997982105,6.6904854812359975,10000,delta_current,series_mean_center
tabular_variant,histgb_cross_crop_delta_current_mean_center,potato,4,3726,2025-09-02,2025-11-30,198.37639758576682,343.56959499832317,0.9424966609676716,6.812097553908769,7.578445113312016,10000,delta_current,series_mean_center
tabular_variant,histgb_cross_crop_delta_current_mean_center,potato,5,3597,2025-09-02,2025-11-30,204.06097369239671,349.7095460415197,0.9399731136811214,7.116522662110111,7.804807919671632,10000,delta_current,series_mean_center
tabular_variant,histgb_cross_crop_delta_current_mean_center,potato,6,3468,2025-09-02,2025-11-30,206.24571030894344,361.1244408749111,0.9355535902117619,7.398010763082359,7.896455211744227,10000,delta_current,series_mean_center
tabular_variant,histgb_cross_crop_delta_current_mean_center,potato,7,3339,2025-09-02,2025-11-30,236.01606775570696,399.7335535523886,0.9204414235560576,8.32027522906221,9.046289962404956,10000,delta_current,series_mean_center
tabular_variant,histgb_cross_crop_delta_current_mean_center,potato,8,3210,2025-09-02,2025-11-30,243.15285601914894,388.5977486142942,0.9243279874643444,8.859693583565512,9.330590801814505,10000,delta_current,series_mean_center
tabular_variant,histgb_cross_crop_delta_current_mean_center,potato,9,3081,2025-09-02,2025-11-30,240.7229878775184,389.29759388368825,0.9235788017892932,8.804704699792282,9.24976878873516,10000,delta_current,series_mean_center
tabular_variant,histgb_cross_crop_delta_current_mean_center,potato,10,2952,2025-09-02,2025-11-30,258.8075214734081,401.1041348754085,0.9191556286807729,9.787235492992883,9.932780583346204,10000,delta_current,series_mean_center
tabular_variant,histgb_cross_crop_delta_current_mean_center,potato,11,2823,2025-09-02,2025-11-30,235.9992690734949,376.2837518083792,0.928924409983677,8.998640154344548,9.056560683807149,10000,delta_current,series_mean_center
tabular_variant,histgb_cross_crop_delta_current_mean_center,potato,12,2694,2025-09-02,2025-11-30,229.57426701095605,368.83320874543875,0.9317475721577438,8.95896535309407,8.80968304415189,10000,delta_current,series_mean_center
tabular_variant,histgb_cross_crop_delta_current_mean_center,potato,13,2565,2025-09-02,2025-11-30,237.4545222260692,378.5481271074488,0.9279941511890453,9.133047248522534,9.117133153367961,10000,delta_current,series_mean_center
tabular_variant,histgb_cross_crop_delta_current_mean_center,potato,14,2436,2025-09-02,2025-11-30,246.23691699224656,389.56788873150595,0.9237106461256256,9.599259266313066,9.455358434517368,10000,delta_current,series_mean_center
tabular_variant,histgb_cross_crop_delta_current_mean_center,potato,15,2307,2025-09-02,2025-11-30,237.35270146370243,368.2245035299112,0.9319302589062178,9.304300056913126,9.109645559775707,10000,delta_current,series_mean_center
tabular_variant,histgb_cross_crop_delta_current_mean_center,tomato,1,29374,2025-10-03,2025-12-31,263.5381757981143,451.4056917596202,0.8961442214330898,8.310027044133705,8.311938101303824,10000,delta_current,series_mean_center
tabular_variant,histgb_cross_crop_delta_current_mean_center,tomato,2,28999,2025-10-03,2025-12-31,337.0894027474702,544.6393185006352,0.8496367503028142,10.403234529142022,10.598932281138614,10000,delta_current,series_mean_center
tabular_variant,histgb_cross_crop_delta_current_mean_center,tomato,3,28633,2025-10-03,2025-12-31,408.8447766163712,651.5762458501835,0.785948055949673,12.34776191414715,12.816161792555317,10000,delta_current,series_mean_center
tabular_variant,histgb_cross_crop_delta_current_mean_center,tomato,4,28270,2025-10-03,2025-12-31,462.93716468632255,704.7615934856768,0.7509477574072344,13.862845843897778,14.468088626928507,10000,delta_current,series_mean_center
tabular_variant,histgb_cross_crop_delta_current_mean_center,tomato,5,27912,2025-10-03,2025-12-31,516.0986942457573,787.2701597169316,0.6908832641415892,15.112940740779058,16.079189027366468,10000,delta_current,series_mean_center
tabular_variant,histgb_cross_crop_delta_current_mean_center,tomato,6,27557,2025-10-03,2025-12-31,539.4249981732111,822.3512585265942,0.6645203098936672,15.768916677642043,16.751710071414504,10000,delta_current,series_mean_center
tabular_variant,histgb_cross_crop_delta_current_mean_center,tomato,7,27206,2025-10-03,2025-12-31,585.3055413562872,873.863689697648,0.6229980162134837,16.880264962819258,18.11600770139145,10000,delta_current,series_mean_center
tabular_variant,histgb_cross_crop_delta_current_mean_center,tomato,8,26858,2025-10-03,2025-12-31,639.4532115156696,954.9068865104999,0.5518039733108511,18.540772472997062,19.72376133602887,10000,delta_current,series_mean_center
tabular_variant,histgb_cross_crop_delta_current_mean_center,tomato,9,26510,2025-10-03,2025-12-31,704.3021670855603,1050.3283559082913,0.46027665745238044,19.821754224560355,21.64788944484561,10000,delta_current,series_mean_center
tabular_variant,histgb_cross_crop_delta_current_mean_center,tomato,10,26162,2025-10-03,2025-12-31,751.2667030991828,1105.1430767569825,0.4047054180440164,21.001001445222688,23.00956336419996,10000,delta_current,series_mean_center
tabular_variant,histgb_cross_crop_delta_current_mean_center,tomato,11,25816,2025-10-03,2025-12-31,764.5873849393672,1124.7005884211,0.38639807473153676,21.485677042477974,23.331319438809118,10000,delta_current,series_mean_center
tabular_variant,histgb_cross_crop_delta_current_mean_center,tomato,12,25471,2025-10-03,2025-12-31,766.1536132523353,1139.8905617396244,0.37315908279963605,21.13126191846243,23.290135239055655,10000,delta_current,series_mean_center
tabular_variant,histgb_cross_crop_delta_current_mean_center,tomato,13,25127,2025-10-03,2025-12-31,813.5236137406805,1177.5400697092025,0.33350489053511045,22.580727561119275,24.635022348115115,10000,delta_current,series_mean_center
tabular_variant,histgb_cross_crop_delta_current_mean_center,tomato,14,24783,2025-10-03,2025-12-31,830.1799261042538,1208.9231635077701,0.3002859277879426,22.6868255876144,25.041852309081687,10000,delta_current,series_mean_center
tabular_variant,histgb_cross_crop_delta_current_mean_center,tomato,15,24442,2025-10-03,2025-12-31,870.2720506281025,1264.6293245535203,0.2376082442805637,23.673672635044923,26.147912127845046,10000,delta_current,series_mean_center
tabular_variant,histgb_cross_crop_delta_current_mean_center,wheat,1,528,2025-09-02,2025-11-30,36.13605545475538,55.04976876915337,0.7530617904906397,1.425974707973217,1.4246207187633053,10000,delta_current,series_mean_center
tabular_variant,histgb_cross_crop_delta_current_mean_center,wheat,2,496,2025-09-02,2025-11-30,35.654421112275486,53.70636952488612,0.7693937093506857,1.4112229488513637,1.4063751843912045,10000,delta_current,series_mean_center
tabular_variant,histgb_cross_crop_delta_current_mean_center,wheat,3,480,2025-09-02,2025-11-30,41.575419519405486,61.94628165162427,0.6952807847353688,1.6460181831724536,1.640132938852834,10000,delta_current,series_mean_center
tabular_variant,histgb_cross_crop_delta_current_mean_center,wheat,4,464,2025-09-02,2025-11-30,44.71311861976108,63.01690735368128,0.6859247854316927,1.7700029034405806,1.7642617091822737,10000,delta_current,series_mean_center
tabular_variant,histgb_cross_crop_delta_current_mean_center,wheat,5,448,2025-09-02,2025-11-30,39.00884482399591,57.977522079935106,0.7356552715986207,1.5448200040013325,1.539028739501682,10000,delta_current,series_mean_center
tabular_variant,histgb_cross_crop_delta_current_mean_center,wheat,6,432,2025-09-02,2025-11-30,44.788196890437625,62.44689899469675,0.6953468400506898,1.7651345655970978,1.7674333609564652,10000,delta_current,series_mean_center
tabular_variant,histgb_cross_crop_delta_current_mean_center,wheat,7,416,2025-09-02,2025-11-30,45.65311285013926,62.686689248668756,0.6980492004459464,1.7974124788130517,1.8019713109114317,10000,delta_current,series_mean_center
tabular_variant,histgb_cross_crop_delta_current_mean_center,wheat,8,400,2025-09-02,2025-11-30,43.39812570286318,64.3801544159568,0.687343047428531,1.7164721014043458,1.7130937076685813,10000,delta_current,series_mean_center
tabular_variant,histgb_cross_crop_delta_current_mean_center,wheat,9,384,2025-09-02,2025-11-30,56.83303964114174,76.4755583694684,0.565642657615437,2.2484593878374666,2.2435252048805263,10000,delta_current,series_mean_center
tabular_variant,histgb_cross_crop_delta_current_mean_center,wheat,10,368,2025-09-02,2025-11-30,56.08089274276159,74.46040660285716,0.5899873508385023,2.2346885002009715,2.214454132331049,10000,delta_current,series_mean_center
tabular_variant,histgb_cross_crop_delta_current_mean_center,wheat,11,352,2025-09-02,2025-11-30,52.83967175182031,73.39560947121409,0.600763744806087,2.093624822335604,2.0866876998827038,10000,delta_current,series_mean_center
tabular_variant,histgb_cross_crop_delta_current_mean_center,wheat,12,336,2025-09-02,2025-11-30,51.450739286020855,72.78608829675547,0.5991481989753918,2.054050293982759,2.0323634530327244,10000,delta_current,series_mean_center
tabular_variant,histgb_cross_crop_delta_current_mean_center,wheat,13,320,2025-09-02,2025-11-30,41.342182716049145,63.01332944865523,0.6908536417744795,1.640859427076707,1.6330092833539689,10000,delta_current,series_mean_center
tabular_variant,histgb_cross_crop_delta_current_mean_center,wheat,14,304,2025-09-02,2025-11-30,48.711094751281415,76.19036506314517,0.5474034511683012,1.957543184036505,1.9248701030425828,10000,delta_current,series_mean_center
tabular_variant,histgb_cross_crop_delta_current_mean_center,wheat,15,288,2025-09-02,2025-11-30,42.274182660308085,66.14018760593963,0.6598303026517476,1.698012008860271,1.6703145120233631,10000,delta_current,series_mean_center
