crop,horizon_days,target_mode,graph_mode,correction_scale,best_alpha,train_windows,validation_windows,validation_start,validation_end,mae,rmse,r2,wape_pct,sweep,config_name
onion,15,delta_current,full_graph,0.25,1.0,795,19,2025-10-03,2025-12-31,352.73577880859375,450.05053535686415,0.8048027753829956,12.336005210876465,edge_weights,edge_weights__corr_heavy
onion,15,delta_current,full_graph,0.25,1.0,795,19,2025-10-03,2025-12-31,352.68792724609375,449.98595464191993,0.8048588037490845,12.334331512451172,edge_weights,edge_weights__geo_heavy
onion,15,delta_current,full_graph,0.25,1.0,795,19,2025-10-03,2025-12-31,352.6414489746094,449.9294736400362,0.8049077987670898,12.332706451416016,edge_weights,edge_weights__state_cluster_heavy
onion,15,delta_current,corr_only,0.25,1.0,795,19,2025-10-03,2025-12-31,394.6143798828125,501.1849084918659,0.7579265832901001,13.800600051879883,graph_mode,graph_mode__corr_only
onion,15,delta_current,geo_only,0.25,1.0,795,19,2025-10-03,2025-12-31,371.891845703125,469.14836405981424,0.7878849506378174,13.005937576293945,graph_mode,graph_mode__geo_only
onion,15,delta_current,shuffled_graph,0.25,1.0,795,19,2025-10-03,2025-12-31,350.46319580078125,447.4372861083439,0.8070630431175232,12.2565279006958,graph_mode,graph_mode__shuffled_graph
onion,15,delta_current,temporal_only,0.25,0.9500000000000001,795,19,2025-10-03,2025-12-31,363.1668701171875,456.50099260571164,0.799167275428772,12.700804710388184,graph_mode,graph_mode__temporal_only
onion,15,delta_current,full_graph,0.25,1.0,795,19,2025-10-03,2025-12-31,352.71746826171875,449.98503447337004,0.8048595786094666,12.33536434173584,k_neighbors,k_neighbors__k14
onion,15,delta_current,full_graph,0.25,1.0,795,19,2025-10-03,2025-12-31,352.9200744628906,450.2186621520703,0.8046569228172302,12.342451095581055,k_neighbors,k_neighbors__k18
onion,15,delta_current,full_graph,0.25,1.0,795,19,2025-10-03,2025-12-31,352.6759948730469,449.9988368040522,0.8048475980758667,12.333914756774902,k_neighbors,k_neighbors__k6
onion,15,delta_current,full_graph,0.25,1.0,795,19,2025-10-03,2025-12-31,352.7446594238281,450.0706368171556,0.8047853708267212,12.336316108703613,reference,full_graph_delta_current_default
onion,15,delta_roll28,full_graph,0.25,0.8500000000000001,795,19,2025-10-03,2025-12-31,355.64013671875,440.22494250099004,0.8132328987121582,12.437577247619629,target_mode,target_mode__delta_roll28
onion,15,delta_roll7,full_graph,0.25,1.0,795,19,2025-10-03,2025-12-31,387.840576171875,482.6243686864558,0.7755241394042969,13.563702583312988,target_mode,target_mode__delta_roll7
potato,15,delta_current,full_graph,0.25,0.75,802,18,2025-09-02,2025-11-30,266.425537109375,398.35870299266713,0.920333206653595,10.22546672821045,edge_weights,edge_weights__corr_heavy
potato,15,delta_current,full_graph,0.25,0.75,802,18,2025-09-02,2025-11-30,266.56121826171875,398.34923041848594,0.9203369617462158,10.230674743652344,edge_weights,edge_weights__geo_heavy
potato,15,delta_current,full_graph,0.25,0.75,802,18,2025-09-02,2025-11-30,266.4549255371094,398.30772886676453,0.9203535914421082,10.226594924926758,edge_weights,edge_weights__state_cluster_heavy
potato,15,delta_current,corr_only,0.25,1.0,802,18,2025-09-02,2025-11-30,254.8184051513672,387.4689302060231,0.9246293306350708,9.779982566833496,graph_mode,graph_mode__corr_only
potato,15,delta_current,geo_only,0.25,0.8500000000000001,802,18,2025-09-02,2025-11-30,260.6939697265625,398.40957255066047,0.9203128814697266,10.005488395690918,graph_mode,graph_mode__geo_only
potato,15,delta_current,shuffled_graph,0.25,0.8500000000000001,802,18,2025-09-02,2025-11-30,259.5588684082031,384.67967599679605,0.9257105588912964,9.961922645568848,graph_mode,graph_mode__shuffled_graph
potato,15,delta_current,temporal_only,0.25,1.0,802,18,2025-09-02,2025-11-30,250.9730224609375,382.6326567348898,0.92649906873703,9.63239574432373,graph_mode,graph_mode__temporal_only
potato,15,delta_current,full_graph,0.25,0.75,802,18,2025-09-02,2025-11-30,266.7708740234375,398.6439514152949,0.9202190637588501,10.238720893859863,k_neighbors,k_neighbors__k14
potato,15,delta_current,full_graph,0.25,0.75,802,18,2025-09-02,2025-11-30,266.9086608886719,398.8077152588701,0.9201534986495972,10.244009971618652,k_neighbors,k_neighbors__k18
potato,15,delta_current,full_graph,0.25,0.75,802,18,2025-09-02,2025-11-30,266.5098571777344,398.3970224537327,0.9203178882598877,10.228703498840332,k_neighbors,k_neighbors__k6
potato,15,delta_current,full_graph,0.25,0.8500000000000001,802,18,2025-09-02,2025-11-30,265.9269714355469,397.6695786076677,0.9206085801124573,10.206331253051758,reference,full_graph_delta_current_default
potato,15,delta_roll28,full_graph,0.25,0.55,802,18,2025-09-02,2025-11-30,241.08753967285156,353.05785866129645,0.9374221563339233,9.252988815307617,target_mode,target_mode__delta_roll28
potato,15,delta_roll7,full_graph,0.25,0.75,802,18,2025-09-02,2025-11-30,246.6266326904297,363.2252443388262,0.9337660074234009,9.465579986572266,target_mode,target_mode__delta_roll7
tomato,15,delta_current,full_graph,0.25,0.15000000000000002,758,75,2025-10-03,2025-12-31,851.029541015625,1221.6698612964142,0.2885255217552185,25.56975746154785,edge_weights,edge_weights__corr_heavy
tomato,15,delta_current,full_graph,0.25,0.15000000000000002,758,75,2025-10-03,2025-12-31,851.0145874023438,1221.6556388770118,0.2885420322418213,25.569307327270508,edge_weights,edge_weights__geo_heavy
tomato,15,delta_current,full_graph,0.25,0.15000000000000002,758,75,2025-10-03,2025-12-31,851.0122680664062,1221.6551784362066,0.28854262828826904,25.569238662719727,edge_weights,edge_weights__state_cluster_heavy
tomato,15,delta_current,corr_only,0.25,0.25,758,75,2025-10-03,2025-12-31,853.1669921875,1211.397436847214,0.30044007301330566,25.633981704711914,graph_mode,graph_mode__corr_only
tomato,15,delta_current,geo_only,0.25,0.25,758,75,2025-10-03,2025-12-31,851.9284057617188,1215.491618646546,0.2957034111022949,25.596765518188477,graph_mode,graph_mode__geo_only
tomato,15,delta_current,shuffled_graph,0.25,0.1,758,75,2025-10-03,2025-12-31,849.7664794921875,1223.6422577698108,0.2862262725830078,25.531810760498047,graph_mode,graph_mode__shuffled_graph
tomato,15,delta_current,temporal_only,0.25,0.25,758,75,2025-10-03,2025-12-31,849.6576538085938,1207.4471520526272,0.304995059967041,25.52853775024414,graph_mode,graph_mode__temporal_only
tomato,15,delta_current,full_graph,0.25,0.15000000000000002,758,75,2025-10-03,2025-12-31,850.96044921875,1221.5657984734182,0.2886466979980469,25.567684173583984,k_neighbors,k_neighbors__k14
tomato,15,delta_current,full_graph,0.25,0.15000000000000002,758,75,2025-10-03,2025-12-31,850.875244140625,1221.4272900995786,0.2888079881668091,25.56512451171875,k_neighbors,k_neighbors__k18
tomato,15,delta_current,full_graph,0.25,0.15000000000000002,758,75,2025-10-03,2025-12-31,851.0531616210938,1221.6918085180075,0.28849995136260986,25.570470809936523,k_neighbors,k_neighbors__k6
tomato,15,delta_current,full_graph,0.25,0.30000000000000004,758,75,2025-10-03,2025-12-31,843.8936157226562,1204.0865832655059,0.30885839462280273,25.355356216430664,reference,full_graph_delta_current_default
tomato,15,delta_roll28,full_graph,0.25,0.0,758,75,2025-10-03,2025-12-31,772.5399780273438,1141.2792164934924,0.37908029556274414,23.21148681640625,target_mode,target_mode__delta_roll28
tomato,15,delta_roll7,full_graph,0.25,0.05,758,75,2025-10-03,2025-12-31,823.6384887695312,1188.0300922114725,0.32716816663742065,24.746776580810547,target_mode,target_mode__delta_roll7
wheat,15,delta_current,full_graph,0.25,0.25,786,18,2025-09-02,2025-11-30,39.604713439941406,65.24324977057013,0.6689936518669128,1.5648398399353027,edge_weights,edge_weights__corr_heavy
wheat,15,delta_current,full_graph,0.25,0.25,786,18,2025-09-02,2025-11-30,39.61481475830078,65.25298574347,0.6688948273658752,1.5652388334274292,edge_weights,edge_weights__geo_heavy
wheat,15,delta_current,full_graph,0.25,0.25,786,18,2025-09-02,2025-11-30,39.61170959472656,65.2432797066104,0.6689932942390442,1.565116286277771,edge_weights,edge_weights__state_cluster_heavy
wheat,15,delta_current,corr_only,0.25,0.25,786,18,2025-09-02,2025-11-30,39.59811782836914,65.25088301605581,0.6689161062240601,1.5645792484283447,graph_mode,graph_mode__corr_only
wheat,15,delta_current,geo_only,0.25,0.25,786,18,2025-09-02,2025-11-30,39.59642028808594,65.25462073557512,0.6688782572746277,1.564512014389038,graph_mode,graph_mode__geo_only
wheat,15,delta_current,shuffled_graph,0.25,0.25,786,18,2025-09-02,2025-11-30,39.61355972290039,65.25289969011914,0.6688957214355469,1.565189242362976,graph_mode,graph_mode__shuffled_graph
wheat,15,delta_current,temporal_only,0.25,0.25,786,18,2025-09-02,2025-11-30,39.53057861328125,65.22955259121436,0.6691325902938843,1.561910629272461,graph_mode,graph_mode__temporal_only
wheat,15,delta_current,full_graph,0.25,0.25,786,18,2025-09-02,2025-11-30,39.61277389526367,65.24801691191465,0.6689452528953552,1.5651581287384033,k_neighbors,k_neighbors__k14
wheat,15,delta_current,full_graph,0.25,0.25,786,18,2025-09-02,2025-11-30,39.598297119140625,65.2415808145963,0.6690105199813843,1.5645864009857178,k_neighbors,k_neighbors__k18
wheat,15,delta_current,full_graph,0.25,0.25,786,18,2025-09-02,2025-11-30,39.60865783691406,65.24564835225603,0.6689692735671997,1.564995527267456,k_neighbors,k_neighbors__k6
wheat,15,delta_current,full_graph,0.25,0.9500000000000001,786,18,2025-09-02,2025-11-30,39.05100631713867,61.84733440850543,0.7025546431541443,1.5429619550704956,reference,full_graph_delta_current_default
wheat,15,delta_roll28,full_graph,0.25,0.4,786,18,2025-09-02,2025-11-30,55.31039047241211,77.47127113687047,0.5332906246185303,2.185393810272217,target_mode,target_mode__delta_roll28
wheat,15,delta_roll7,full_graph,0.25,0.0,786,18,2025-09-02,2025-11-30,40.9202995300293,65.50364523492185,0.6663461923599243,1.6168204545974731,target_mode,target_mode__delta_roll7
