crop,State,District,mandis
onion,Maharashtra,Nashik,12
onion,Tamil Nadu,Salem,11
onion,Uttar Pradesh,Bulandshahar,9
onion,Kerala,Ernakulam,9
onion,Tamil Nadu,Coimbatore,9
onion,Tamil Nadu,Virudhunagar,8
onion,Punjab,Hoshiarpur,7
onion,Rajasthan,Hanumangarh,7
onion,Punjab,Bhatinda,7
onion,Tamil Nadu,Chengalpattu,7
onion,Maharashtra,Pune,7
onion,Tamil Nadu,Theni,7
onion,Kerala,Malappuram,6
onion,Tamil Nadu,Thiruvannamalai,6
onion,Kerala,Kottayam,6
onion,Tamil Nadu,Namakkal,6
onion,Tamil Nadu,Madurai,6
onion,West Bengal,Nadia,6
onion,Tamil Nadu,Erode,5
onion,Tamil Nadu,Dharmapuri,5
onion,Tamil Nadu,Vellore,5
onion,Kerala,Palakad,5
onion,Tamil Nadu,Thiruchirappalli,5
onion,Punjab,Sangrur,5
onion,Haryana,Yamuna Nagar,5
onion,Uttar Pradesh,Jhansi,5
onion,Tamil Nadu,Sivaganga,5
onion,Tamil Nadu,Thiruvellore,5
onion,Tamil Nadu,Thiruvarur,5
onion,Uttar Pradesh,Badaun,5
onion,Tamil Nadu,Krishnagiri,5
onion,Uttar Pradesh,Hamirpur,4
onion,Madhya Pradesh,Indore,4
onion,Uttar Pradesh,Ballia,4
onion,Uttar Pradesh,Farukhabad,4
onion,Madhya Pradesh,Shajapur,4
onion,Haryana,Sonipat,4
onion,Uttar Pradesh,Agra,4
onion,Tripura,Sepahijala,4
onion,Kerala,Alappuzha,4
onion,Uttar Pradesh,Firozabad,4
onion,Kerala,Thiruvananthapuram,4
onion,Madhya Pradesh,Dhar,4
onion,Uttar Pradesh,Hardoi,4
onion,Himachal Pradesh,Kangra,4
onion,Punjab,Patiala,4
onion,Uttar Pradesh,Maharajganj,4
onion,Uttar Pradesh,Raebarelli,4
onion,Punjab,Ludhiana,4
onion,West Bengal,Jalpaiguri,4
onion,West Bengal,Hooghly,4
onion,Tamil Nadu,Cuddalore,4
onion,West Bengal,Birbhum,4
onion,Tamil Nadu,Dindigul,4
onion,Uttar Pradesh,Sitapur,4
onion,Haryana,Kurukshetra,4
onion,Uttar Pradesh,Saharanpur,4
onion,Tamil Nadu,Pudukkottai,4
onion,Tamil Nadu,Thirupur,4
onion,Tamil Nadu,Thanjavur,4
onion,Haryana,Hissar,4
onion,Haryana,Gurgaon,4
onion,Haryana,Ambala,4
onion,Maharashtra,Chattrapati Sambhajinagar,3
onion,Punjab,Gurdaspur,3
onion,Punjab,Fatehgarh,3
onion,Tamil Nadu,Thirunelveli,3
onion,Tamil Nadu,Villupuram,3
onion,Kerala,Thirssur,3
onion,Uttar Pradesh,Amroha,3
onion,Telangana,Ranga Reddy,3
onion,Uttar Pradesh,Aligarh,3
onion,Tamil Nadu,Karur,3
onion,Odisha,Keonjhar,3
onion,Tamil Nadu,Nagapattinam,3
onion,Tamil Nadu,The Nilgiris,3
onion,Madhya Pradesh,Ratlam,3
onion,Tripura,North Tripura,3
onion,Madhya Pradesh,Khargone,3
onion,Madhya Pradesh,Mandsaur,3
onion,Telangana,Hyderabad,3
onion,Tamil Nadu,Kancheepuram,3
onion,Kerala,Idukki,3
onion,Uttar Pradesh,Pillibhit,3
onion,Uttar Pradesh,Kanpur,3
onion,Haryana,Mewat,3
onion,Haryana,Kaithal,3
onion,Haryana,Jind,3
onion,Haryana,Fatehabad,3
onion,Kerala,Kollam,3
onion,Uttar Pradesh,Prayagraj,3
onion,Gujarat,Rajkot,3
onion,Uttar Pradesh,Sambhal,3
onion,Uttar Pradesh,Shamli,3
onion,Uttar Pradesh,Unnao,3
onion,Uttarakhand,Dehradoon,3
onion,West Bengal,Coochbehar,3
onion,West Bengal,Darjeeling,3
onion,West Bengal,Malda,3
onion,West Bengal,Medinipur(W),3
onion,West Bengal,Purba Bardhaman,3
onion,West Bengal,Puruliya,3
onion,Haryana,Panchkula,3
onion,Punjab,Mohali,3
onion,Uttar Pradesh,Banda,3
onion,Uttar Pradesh,Gorakhpur,3
onion,Uttar Pradesh,Jaunpur,3
onion,Uttar Pradesh,Etawah,3
onion,Uttar Pradesh,Fatehpur,3
onion,Uttar Pradesh,Ghaziabad,3
onion,Uttar Pradesh,Balrampur,3
onion,Uttar Pradesh,Bareilly,3
onion,Uttar Pradesh,Jalaun (Orai),3
onion,Kerala,Kannur,3
onion,Rajasthan,Ganganagar,2
onion,West Bengal,Howrah,2
onion,Uttarakhand,Udhamsinghnagar,2
onion,Punjab,Tarntaran,2
onion,Tamil Nadu,Kallakuruchi,2
onion,West Bengal,Alipurduar,2
onion,West Bengal,Bankura,2
onion,Uttar Pradesh,Auraiya,2
onion,Uttar Pradesh,Ayodhya,2
onion,West Bengal,Medinipur(E),2
onion,Uttar Pradesh,Barabanki,2
onion,Rajasthan,Churu,2
onion,Rajasthan,Ajmer,2
onion,Tamil Nadu,Ariyalur,2
onion,Uttarakhand,Nanital,2
onion,Rajasthan,Jaipur Rural,2
onion,West Bengal,North 24 Parganas,2
onion,West Bengal,Paschim Bardhaman,2
onion,Uttar Pradesh,Kannuj,2
onion,Uttar Pradesh,Sonbhadra,2
onion,Uttarakhand,Haridwar,2
onion,Uttar Pradesh,Bijnor,2
onion,Uttar Pradesh,Kanpur Dehat,2
onion,Uttar Pradesh,Lakhimpur,2
onion,Tamil Nadu,Tuticorin,2
onion,Uttar Pradesh,Hathras,2
onion,Uttar Pradesh,Mainpuri,2
onion,Uttar Pradesh,Gonda,2
onion,Tamil Nadu,Thirupathur,2
onion,Uttar Pradesh,Mathura,2
onion,Uttar Pradesh,Mau(Maunathbhanjan),2
onion,Uttar Pradesh,Mirzapur,2
onion,Uttar Pradesh,Gautam Budh Nagar,2
onion,Tamil Nadu,Tenkasi,2
onion,Uttar Pradesh,Rampur,2
onion,Uttar Pradesh,Etah,2
onion,Tamil Nadu,Ranipet,2
onion,Tamil Nadu,Ramanathapuram,2
onion,Uttar Pradesh,Shahjahanpur,2
onion,Uttar Pradesh,Amethi,2
onion,Tamil Nadu,Nagercoil (Kannyiakumari),2
onion,Uttar Pradesh,Bahraich,2
onion,West Bengal,Sounth 24 Parganas,2
onion,Jammu and Kashmir,Jammu,2
onion,Maharashtra,Nagpur,2
onion,Haryana,Panipat,2
onion,Kerala,Kasargod,2
onion,Odisha,Nuapada,2
onion,Odisha,Mayurbhanja,2
onion,Kerala,Kozhikode(Calicut),2
onion,Haryana,Mahendragarh-Narnaul,2
onion,Odisha,Dhenkanal,2
onion,Haryana,Karnal,2
onion,Madhya Pradesh,Hoshangabad,2
onion,Haryana,Jhajar,2
onion,Haryana,Faridabad,2
onion,Odisha,Bargarh,2
onion,Odisha,Balasore,2
onion,Madhya Pradesh,Harda,2
onion,NCT of Delhi,Delhi,2
onion,Maharashtra,Sholapur,2
onion,Maharashtra,Jalgaon,2
onion,Punjab,Amritsar,2
onion,Gujarat,Kheda,2
onion,Punjab,Fazilka,2
onion,Punjab,Muktsar,2
onion,Madhya Pradesh,Rajgarh,2
onion,Madhya Pradesh,Sagar,2
onion,Madhya Pradesh,Sehore,2
onion,Himachal Pradesh,Mandi,2
onion,Himachal Pradesh,Kullu,2
onion,Punjab,Jalandhar,2
onion,Punjab,Ferozpur,2
onion,Himachal Pradesh,Hamirpur,2
onion,Gujarat,Vadodara(Baroda),2
onion,Bihar,Madhubani,2
onion,Madhya Pradesh,Khandwa,2
onion,Maharashtra,Ahmednagar,2
onion,Haryana,Sirsa,2
onion,Haryana,Rohtak,2
onion,Madhya Pradesh,Jhabua,2
onion,Maharashtra,Satara,2
onion,Haryana,Bhiwani,1
onion,Uttar Pradesh,Muzaffarnagar,1
onion,Uttar Pradesh,Lucknow,1
onion,Uttar Pradesh,Meerut,1
onion,Uttar Pradesh,Mahoba,1
onion,Gujarat,Surat,1
onion,Uttar Pradesh,Lalitpur,1
onion,Uttar Pradesh,Khiri (Lakhimpur),1
onion,Uttar Pradesh,Kaushambi,1
onion,Uttar Pradesh,Kasganj,1
onion,Haryana,Rewari,1
onion,Himachal Pradesh,Bilaspur,1
onion,Himachal Pradesh,Chamba,1
onion,Himachal Pradesh,Shimla,1
onion,Himachal Pradesh,Solan,1
onion,Himachal Pradesh,Una,1
onion,Uttar Pradesh,Pratapgarh,1
onion,Bihar,Banka,1
onion,Gujarat,Porbandar,1
onion,Bihar,Rohtas,1
onion,West Bengal,Dakshin Dinajpur,1
onion,Chattisgarh,Bilaspur,1
onion,Chandigarh,Chandigarh,1
onion,Bihar,Sheohar,1
onion,Bihar,Samastipur,1
onion,West Bengal,Kolkata,1
onion,Bihar,Patna,1
onion,Gujarat,Navsari,1
onion,West Bengal,Murshidabad,1
onion,Bihar,Madhepura,1
onion,Bihar,Kishanganj,1
onion,Bihar,Kaithar,1
onion,Bihar,Jamui,1
onion,Bihar,Bhojpur,1
onion,Chattisgarh,Durg,1
onion,Chattisgarh,Raigarh,1
onion,Chattisgarh,Rajnandgaon,1
onion,Goa,North Goa,1
onion,Gujarat,Ahmedabad,1
onion,Gujarat,Anand,1
onion,Gujarat,Banaskanth,1
onion,Uttarakhand,Garhwal (Pauri),1
onion,Gujarat,Bharuch,1
onion,Uttar Pradesh,Varanasi,1
onion,Gujarat,Bhavnagar,1
onion,Gujarat,Dahod,1
onion,Gujarat,Jamnagar,1
onion,Uttar Pradesh,Siddharth Nagar,1
onion,Uttar Pradesh,Ghazipur,1
onion,Gujarat,Mehsana,1
onion,Gujarat,Morbi,1
onion,Gujarat,Kachchh,1
onion,Uttar Pradesh,Basti,1
onion,Jammu and Kashmir,Anantnag,1
onion,Maharashtra,Dhule,1
onion,Maharashtra,Mumbai,1
onion,Maharashtra,Raigad,1
onion,Maharashtra,Sangli,1
onion,Nagaland,Mokokchung,1
onion,Odisha,Bhadrak,1
onion,Tamil Nadu,Perambalur,1
onion,Odisha,Bolangir,1
onion,Odisha,Boudh,1
onion,Odisha,Ganjam,1
onion,Odisha,Jharsuguda,1
onion,Odisha,Khurda,1
onion,Odisha,Rayagada,1
onion,Odisha,Sambalpur,1
onion,Odisha,Sonepur,1
onion,Odisha,Sundergarh,1
onion,Punjab,Barnala,1
onion,Punjab,Faridkot,1
onion,Rajasthan,Udaipur,1
onion,Rajasthan,Sikar,1
onion,Rajasthan,Rajsamand,1
onion,Rajasthan,Pratapgarh,1
onion,Rajasthan,Kota,1
onion,Rajasthan,Jodhpur,1
onion,Rajasthan,Jhunjhunu,1
onion,Punjab,Kapurthala,1
onion,Rajasthan,Bikaner,1
onion,Rajasthan,Alwar,1
onion,Punjab,Mansa,1
onion,Punjab,Moga,1
onion,Maharashtra,Kolhapur,1
onion,Maharashtra,Amarawati,1
onion,Jammu and Kashmir,Kathua,1
onion,Maharashtra,Akola,1
onion,Jammu and Kashmir,Ramban,1
onion,Jammu and Kashmir,Udhampur,1
onion,Karnataka,Bangalore,1
onion,Karnataka,Belgaum,1
onion,Uttar Pradesh,Deoria,1
onion,Uttar Pradesh,Chitrakut,1
onion,Uttar Pradesh,Chandauli,1
onion,Karnataka,Chikmagalur,1
onion,Karnataka,Davangere,1
onion,Uttar Pradesh,Bhadohi(Sant Ravi Nagar),1
onion,Punjab,Ropar (Rupnagar),1
onion,Karnataka,Dharwad,1
onion,Karnataka,Kolar,1
onion,Karnataka,Shimoga,1
onion,Karnataka,Udupi,1
onion,Uttar Pradesh,Baghpat,1
onion,Madhya Pradesh,Bhopal,1
onion,Uttar Pradesh,Azamgarh,1
onion,Madhya Pradesh,Chhindwara,1
onion,Madhya Pradesh,Dewas,1
onion,Madhya Pradesh,Gwalior,1
onion,Uttar Pradesh,Ambedkarnagar,1
onion,Madhya Pradesh,Jabalpur,1
onion,Tripura,Unokoti,1
onion,Tripura,South Tripura,1
onion,Madhya Pradesh,Neemuch,1
onion,Telangana,Nalgonda,1
onion,Telangana,Medak,1
onion,Madhya Pradesh,Ujjain,1
onion,Andhra Pradesh,Kurnool,1
potato,Uttar Pradesh,Bulandshahar,9
potato,Kerala,Ernakulam,9
potato,West Bengal,Coochbehar,8
potato,Punjab,Bhatinda,7
potato,Punjab,Hoshiarpur,7
potato,Tamil Nadu,Virudhunagar,7
potato,Rajasthan,Hanumangarh,7
potato,Kerala,Kottayam,7
potato,Kerala,Alappuzha,6
potato,Uttar Pradesh,Badaun,6
potato,Tripura,Sepahijala,6
potato,West Bengal,Nadia,6
potato,Uttar Pradesh,Hardoi,5
potato,Punjab,Jalandhar,5
potato,Punjab,Ludhiana,5
potato,Haryana,Yamuna Nagar,5
potato,Punjab,Sangrur,5
potato,Himachal Pradesh,Kangra,5
potato,Odisha,Kendrapara,5
potato,Uttar Pradesh,Agra,5
potato,Uttar Pradesh,Jhansi,5
potato,Tamil Nadu,Krishnagiri,5
potato,Kerala,Malappuram,5
potato,Maharashtra,Pune,5
potato,Uttar Pradesh,Kanpur,4
potato,Kerala,Palakad,4
potato,Madhya Pradesh,Indore,4
potato,Haryana,Panchkula,4
potato,Uttar Pradesh,Maharajganj,4
potato,Uttar Pradesh,Aligarh,4
potato,Haryana,Sonipat,4
potato,Haryana,Kaithal,4
potato,Uttar Pradesh,Sambhal,4
potato,Uttar Pradesh,Farukhabad,4
potato,Uttar Pradesh,Raebarelli,4
potato,Uttar Pradesh,Firozabad,4
potato,Uttar Pradesh,Sitapur,4
potato,Uttar Pradesh,Saharanpur,4
potato,Uttar Pradesh,Shamli,4
potato,Uttar Pradesh,Hamirpur,4
potato,Kerala,Thiruvananthapuram,4
potato,Haryana,Kurukshetra,4
potato,West Bengal,Birbhum,4
potato,Uttarakhand,Udhamsinghnagar,4
potato,Tripura,North Tripura,4
potato,West Bengal,Purba Bardhaman,4
potato,Tripura,Dhalai,4
potato,West Bengal,Murshidabad,4
potato,Telangana,Hyderabad,4
potato,West Bengal,Jalpaiguri,4
potato,West Bengal,Hooghly,4
potato,Punjab,Patiala,4
potato,West Bengal,Bankura,4
potato,Gujarat,Kheda,4
potato,Madhya Pradesh,Dhar,4
potato,Haryana,Hissar,4
potato,Haryana,Gurgaon,4
potato,Haryana,Fatehabad,4
potato,Haryana,Ambala,4
potato,Uttar Pradesh,Ballia,4
potato,Uttar Pradesh,Fatehpur,3
potato,Uttar Pradesh,Auraiya,3
potato,Tripura,South Tripura,3
potato,Tripura,Gomati,3
potato,Uttar Pradesh,Mainpuri,3
potato,Madhya Pradesh,Khargone,3
potato,Madhya Pradesh,Morena,3
potato,Telangana,Ranga Reddy,3
potato,Punjab,Gurdaspur,3
potato,Tamil Nadu,Vellore,3
potato,Uttar Pradesh,Amroha,3
potato,Uttar Pradesh,Jaunpur,3
potato,Tamil Nadu,Thanjavur,3
potato,Uttar Pradesh,Jalaun (Orai),3
potato,Punjab,Fatehgarh,3
potato,Uttar Pradesh,Etawah,3
potato,Tamil Nadu,Erode,3
potato,Uttar Pradesh,Bareilly,3
potato,Uttar Pradesh,Banda,3
potato,Uttar Pradesh,Gorakhpur,3
potato,Uttar Pradesh,Balrampur,3
potato,Tamil Nadu,Cuddalore,3
potato,Odisha,Keonjhar,3
potato,Uttar Pradesh,Ghaziabad,3
potato,Tamil Nadu,Coimbatore,3
potato,Punjab,Mohali,3
potato,Maharashtra,Ahmednagar,3
potato,Haryana,Mewat,3
potato,West Bengal,Medinipur(W),3
potato,Uttar Pradesh,Prayagraj,3
potato,Uttarakhand,Haridwar,3
potato,Haryana,Panipat,3
potato,West Bengal,Darjeeling,3
potato,Uttar Pradesh,Shahjahanpur,3
potato,Uttar Pradesh,Pillibhit,3
potato,Uttarakhand,Dehradoon,3
potato,West Bengal,Medinipur(E),3
potato,Kerala,Idukki,3
potato,West Bengal,Malda,3
potato,Kerala,Kasargod,3
potato,Kerala,Kollam,3
potato,Haryana,Jind,3
potato,Uttar Pradesh,Unnao,3
potato,Kerala,Thirssur,3
potato,Haryana,Rohtak,3
potato,West Bengal,Puruliya,3
potato,Haryana,Sirsa,3
potato,Haryana,Jhajar,2
potato,Uttar Pradesh,Barabanki,2
potato,Punjab,Moga,2
potato,Uttar Pradesh,Bahraich,2
potato,Uttarakhand,Nanital,2
potato,Haryana,Karnal,2
potato,Rajasthan,Jaipur Rural,2
potato,Gujarat,Vadodara(Baroda),2
potato,Punjab,Tarntaran,2
potato,Haryana,Bhiwani,2
potato,Rajasthan,Ganganagar,2
potato,Rajasthan,Churu,2
potato,Uttar Pradesh,Bijnor,2
potato,Tamil Nadu,Chengalpattu,2
potato,Rajasthan,Ajmer,2
potato,Tamil Nadu,Ariyalur,2
potato,Uttar Pradesh,Baghpat,2
potato,Gujarat,Navsari,2
potato,Tamil Nadu,Thiruvellore,2
potato,Uttar Pradesh,Amethi,2
potato,Bihar,Bhojpur,2
potato,Tripura,Khowai,2
potato,Bihar,Kishanganj,2
potato,West Bengal,Paschim Bardhaman,2
potato,Telangana,Warangal,2
potato,West Bengal,North 24 Parganas,2
potato,Telangana,Nalgonda,2
potato,Tamil Nadu,Villupuram,2
potato,Tamil Nadu,Thiruvannamalai,2
potato,West Bengal,Alipurduar,2
potato,Tamil Nadu,Thirupathur,2
potato,Tamil Nadu,Theni,2
potato,Tamil Nadu,Sivaganga,2
potato,Uttar Pradesh,Ayodhya,2
potato,Tamil Nadu,Nagapattinam,2
potato,Tamil Nadu,Madurai,2
potato,West Bengal,Howrah,2
potato,West Bengal,Dakshin Dinajpur,2
potato,Tamil Nadu,Dharmapuri,2
potato,Haryana,Mahendragarh-Narnaul,2
potato,Uttar Pradesh,Mirzapur,2
potato,Haryana,Rewari,2
potato,Uttar Pradesh,Kaushambi,2
potato,Odisha,Bargarh,2
potato,Odisha,Balasore,2
potato,Nagaland,Kohima,2
potato,NCT of Delhi,Delhi,2
potato,Maharashtra,Sholapur,2
potato,Uttar Pradesh,Kannuj,2
potato,Karnataka,Kolar,2
potato,Uttar Pradesh,Kanpur Dehat,2
potato,Maharashtra,Nagpur,2
potato,Maharashtra,Jalgaon,2
potato,Uttar Pradesh,Lakhimpur,2
potato,Uttar Pradesh,Hathras,2
potato,Madhya Pradesh,Ujjain,2
potato,Madhya Pradesh,Rajgarh,2
potato,Kerala,Kannur,2
potato,Madhya Pradesh,Jhabua,2
potato,Uttar Pradesh,Mathura,2
potato,Kerala,Kozhikode(Calicut),2
potato,Madhya Pradesh,Hoshangabad,2
potato,Madhya Pradesh,Harda,2
potato,Uttar Pradesh,Mau(Maunathbhanjan),2
potato,Madhya Pradesh,Dewas,2
potato,Uttar Pradesh,Rampur,2
potato,Punjab,Muktsar,2
potato,Uttar Pradesh,Gautam Budh Nagar,2
potato,Odisha,Mayurbhanja,2
potato,Himachal Pradesh,Hamirpur,2
potato,Odisha,Dhenkanal,2
potato,Himachal Pradesh,Mandi,2
potato,Punjab,Amritsar,2
potato,Odisha,Nuapada,2
potato,Punjab,Fazilka,2
potato,Uttar Pradesh,Sonbhadra,2
potato,Punjab,Ferozpur,2
potato,Uttar Pradesh,Gonda,2
potato,Jammu and Kashmir,Jammu,2
potato,Himachal Pradesh,Kullu,2
potato,West Bengal,Sounth 24 Parganas,1
potato,Uttar Pradesh,Deoria,1
potato,Uttar Pradesh,Lalitpur,1
potato,Uttar Pradesh,Varanasi,1
potato,Uttar Pradesh,Chitrakut,1
potato,Uttar Pradesh,Etah,1
potato,Uttar Pradesh,Mahoba,1
potato,Uttar Pradesh,Chandauli,1
potato,Uttar Pradesh,Ambedkarnagar,1
potato,Uttar Pradesh,Lucknow,1
potato,Uttar Pradesh,Sant Kabir Nagar,1
potato,Uttar Pradesh,Muzaffarnagar,1
potato,West Bengal,Kolkata,1
potato,Uttar Pradesh,Khiri (Lakhimpur),1
potato,West Bengal,Kalimpong,1
potato,West Bengal,Jhargram,1
potato,Uttar Pradesh,Kasganj,1
potato,Uttar Pradesh,Azamgarh,1
potato,Uttar Pradesh,Bhadohi(Sant Ravi Nagar),1
potato,Uttar Pradesh,Basti,1
potato,Uttar Pradesh,Ghazipur,1
potato,Uttar Pradesh,Meerut,1
potato,Uttar Pradesh,Siddharth Nagar,1
potato,Uttarakhand,Garhwal (Pauri),1
potato,Uttar Pradesh,Pratapgarh,1
potato,Andhra Pradesh,Chittor,1
potato,Tripura,West District,1
potato,Madhya Pradesh,Jabalpur,1
potato,Gujarat,Surat,1
potato,Gujarat,Surendranagar,1
potato,Haryana,Faridabad,1
potato,Himachal Pradesh,Bilaspur,1
potato,Himachal Pradesh,Chamba,1
potato,Himachal Pradesh,Shimla,1
potato,Himachal Pradesh,Solan,1
potato,Himachal Pradesh,Una,1
potato,Jammu and Kashmir,Kathua,1
potato,Jammu and Kashmir,Ramban,1
potato,Jammu and Kashmir,Udhampur,1
potato,Karnataka,Bangalore,1
potato,Karnataka,Belgaum,1
potato,Karnataka,Chikmagalur,1
potato,Karnataka,Davangere,1
potato,Karnataka,Dharwad,1
potato,Karnataka,Kalburgi,1
potato,Karnataka,Shimoga,1
potato,Karnataka,Udupi,1
potato,Madhya Pradesh,Bhopal,1
potato,Madhya Pradesh,Chhindwara,1
potato,Gujarat,Rajkot,1
potato,Gujarat,Porbandar,1
potato,Gujarat,Mehsana,1
potato,Chattisgarh,Bilaspur,1
potato,Bihar,Buxar,1
potato,Bihar,Jamui,1
potato,Bihar,Madhepura,1
potato,Bihar,Madhubani,1
potato,Bihar,Patna,1
potato,Bihar,Rohtas,1
potato,Bihar,Sheohar,1
potato,Bihar,Vaishali,1
potato,Chandigarh,Chandigarh,1
potato,Chattisgarh,Durg,1
potato,Gujarat,Kachchh,1
potato,Chattisgarh,Raigarh,1
potato,Chattisgarh,Rajnandgaon,1
potato,Goa,North Goa,1
potato,Gujarat,Ahmedabad,1
potato,Gujarat,Anand,1
potato,Gujarat,Banaskanth,1
potato,Gujarat,Bharuch,1
potato,Gujarat,Bhavnagar,1
potato,Gujarat,Dahod,1
potato,Madhya Pradesh,Gwalior,1
potato,Madhya Pradesh,Khandwa,1
potato,Tripura,Unokoti,1
potato,Madhya Pradesh,Mandsaur,1
potato,Punjab,Faridkot,1
potato,Punjab,Kapurthala,1
potato,Punjab,Mansa,1
potato,Bihar,Araria,1
potato,Punjab,Ropar (Rupnagar),1
potato,Rajasthan,Alwar,1
potato,Rajasthan,Baran,1
potato,Rajasthan,Bhilwara,1
potato,Rajasthan,Bikaner,1
potato,Rajasthan,Jhunjhunu,1
potato,Rajasthan,Jodhpur,1
potato,Rajasthan,Kota,1
potato,Rajasthan,Rajsamand,1
potato,Rajasthan,Sikar,1
potato,Rajasthan,Udaipur,1
potato,Tamil Nadu,Kallakuruchi,1
potato,Tamil Nadu,Kancheepuram,1
potato,Tamil Nadu,Nagercoil (Kannyiakumari),1
potato,Tamil Nadu,Namakkal,1
potato,Tamil Nadu,The Nilgiris,1
potato,Tamil Nadu,Thiruvarur,1
potato,Punjab,Barnala,1
potato,Odisha,Sundergarh,1
potato,Odisha,Sonepur,1
potato,Maharashtra,Satara,1
potato,Madhya Pradesh,Sagar,1
potato,Madhya Pradesh,Shivpuri,1
potato,Madhya Pradesh,Singroli,1
potato,Maharashtra,Akola,1
potato,Maharashtra,Amarawati,1
potato,Maharashtra,Chattrapati Sambhajinagar,1
potato,Maharashtra,Mumbai,1
potato,Maharashtra,Nashik,1
potato,Maharashtra,Sangli,1
potato,Meghalaya,West Garo Hills,1
potato,Odisha,Sambalpur,1
potato,Nagaland,Mokokchung,1
potato,Odisha,Bhadrak,1
potato,Odisha,Bolangir,1
potato,Odisha,Boudh,1
potato,Odisha,Ganjam,1
potato,Odisha,Jagatsinghpur,1
potato,Odisha,Jharsuguda,1
potato,Odisha,Khurda,1
potato,Odisha,Rayagada,1
potato,West Bengal,Uttar Dinajpur,1
tomato,Kerala,Ernakulam,9
tomato,Tamil Nadu,Virudhunagar,8
tomato,Uttar Pradesh,Bulandshahar,8
tomato,Maharashtra,Pune,7
tomato,Punjab,Hoshiarpur,7
tomato,Karnataka,Kolar,6
tomato,Tamil Nadu,Thiruvarur,6
tomato,Rajasthan,Hanumangarh,6
tomato,Punjab,Bhatinda,6
tomato,Kerala,Thiruvananthapuram,6
tomato,Kerala,Palakad,6
tomato,Kerala,Kottayam,6
tomato,Andhra Pradesh,Chittor,6
tomato,Madhya Pradesh,Dhar,5
tomato,Tamil Nadu,Madurai,5
tomato,Kerala,Kollam,5
tomato,Kerala,Kozhikode(Calicut),5
tomato,Kerala,Malappuram,5
tomato,Haryana,Yamuna Nagar,5
tomato,Maharashtra,Nagpur,5
tomato,Punjab,Patiala,5
tomato,Uttar Pradesh,Jhansi,5
tomato,Odisha,Kendrapara,5
tomato,Himachal Pradesh,Kangra,5
tomato,Kerala,Idukki,4
tomato,Uttar Pradesh,Bijnor,4
tomato,Haryana,Sonipat,4
tomato,Tamil Nadu,Krishnagiri,4
tomato,Tamil Nadu,Coimbatore,4
tomato,Punjab,Sangrur,4
tomato,Odisha,Mayurbhanja,4
tomato,Uttar Pradesh,Hamirpur,4
tomato,Punjab,Jalandhar,4
tomato,Karnataka,Bangalore,4
tomato,Uttar Pradesh,Shamli,4
tomato,Uttar Pradesh,Raebarelli,4
tomato,Uttar Pradesh,Saharanpur,4
tomato,Tamil Nadu,Chengalpattu,4
tomato,Uttar Pradesh,Hardoi,4
tomato,West Bengal,Hooghly,4
tomato,Haryana,Ambala,4
tomato,Gujarat,Kheda,4
tomato,Maharashtra,Ahmednagar,4
tomato,Uttar Pradesh,Maharajganj,4
tomato,Telangana,Ranga Reddy,4
tomato,Uttar Pradesh,Badaun,4
tomato,Telangana,Hyderabad,4
tomato,Haryana,Mewat,4
tomato,Maharashtra,Satara,4
tomato,Uttarakhand,Udhamsinghnagar,4
tomato,Tamil Nadu,Thiruvannamalai,4
tomato,Odisha,Bargarh,4
tomato,Haryana,Hissar,4
tomato,Tamil Nadu,Thanjavur,4
tomato,West Bengal,Jalpaiguri,4
tomato,Haryana,Kurukshetra,4
tomato,Odisha,Keonjhar,3
tomato,Uttar Pradesh,Jaunpur,3
tomato,Uttar Pradesh,Kanpur,3
tomato,Madhya Pradesh,Khargone,3
tomato,Uttar Pradesh,Jalaun (Orai),3
tomato,West Bengal,Darjeeling,3
tomato,Uttar Pradesh,Ghaziabad,3
tomato,West Bengal,Medinipur(W),3
tomato,Tamil Nadu,Namakkal,3
tomato,Uttar Pradesh,Agra,3
tomato,Uttar Pradesh,Amroha,3
tomato,Tripura,Sepahijala,3
tomato,Tamil Nadu,Vellore,3
tomato,Tamil Nadu,Thiruvellore,3
tomato,Uttar Pradesh,Ballia,3
tomato,Tamil Nadu,Theni,3
tomato,Uttar Pradesh,Balrampur,3
tomato,Tamil Nadu,Nagapattinam,3
tomato,Punjab,Fatehgarh,3
tomato,Uttar Pradesh,Etawah,3
tomato,Uttar Pradesh,Farukhabad,3
tomato,Uttar Pradesh,Fatehpur,3
tomato,Uttar Pradesh,Firozabad,3
tomato,Punjab,Mohali,3
tomato,Uttar Pradesh,Gorakhpur,3
tomato,Punjab,Ludhiana,3
tomato,Punjab,Gurdaspur,3
tomato,Madhya Pradesh,Indore,3
tomato,Uttar Pradesh,Aligarh,3
tomato,Kerala,Kannur,3
tomato,Uttar Pradesh,Unnao,3
tomato,Haryana,Gurgaon,3
tomato,Haryana,Fatehabad,3
tomato,Karnataka,Chikmagalur,3
tomato,Haryana,Panipat,3
tomato,Uttarakhand,Haridwar,3
tomato,Haryana,Panchkula,3
tomato,Uttar Pradesh,Sitapur,3
tomato,Uttar Pradesh,Pillibhit,3
tomato,Uttar Pradesh,Sambhal,3
tomato,Kerala,Thirssur,3
tomato,West Bengal,Birbhum,3
tomato,Haryana,Kaithal,3
tomato,Uttar Pradesh,Prayagraj,3
tomato,Uttarakhand,Dehradoon,3
tomato,Kerala,Alappuzha,3
tomato,West Bengal,Coochbehar,3
tomato,Uttar Pradesh,Shahjahanpur,3
tomato,Uttar Pradesh,Bareilly,2
tomato,Tamil Nadu,Kancheepuram,2
tomato,Tamil Nadu,Erode,2
tomato,Tamil Nadu,Cuddalore,2
tomato,Tamil Nadu,Karur,2
tomato,Himachal Pradesh,Kullu,2
tomato,Haryana,Rohtak,2
tomato,West Bengal,Paschim Bardhaman,2
tomato,Haryana,Sirsa,2
tomato,Rajasthan,Jalore,2
tomato,Rajasthan,Jaipur Rural,2
tomato,West Bengal,North 24 Parganas,2
tomato,Rajasthan,Ganganagar,2
tomato,Rajasthan,Churu,2
tomato,Himachal Pradesh,Hamirpur,2
tomato,Tamil Nadu,Ariyalur,2
tomato,Tamil Nadu,Nagercoil (Kannyiakumari),2
tomato,Haryana,Mahendragarh-Narnaul,2
tomato,Haryana,Karnal,2
tomato,Gujarat,Morbi,2
tomato,Gujarat,Navsari,2
tomato,Tripura,North Tripura,2
tomato,Uttar Pradesh,Auraiya,2
tomato,Uttar Pradesh,Ayodhya,2
tomato,Telangana,Warangal,2
tomato,Telangana,Nalgonda,2
tomato,Gujarat,Rajkot,2
tomato,Telangana,Mahbubnagar,2
tomato,Tamil Nadu,Villupuram,2
tomato,West Bengal,Alipurduar,2
tomato,Gujarat,Vadodara(Baroda),2
tomato,West Bengal,Purba Bardhaman,2
tomato,Uttarakhand,Nanital,2
tomato,Uttar Pradesh,Bahraich,2
tomato,Tamil Nadu,Thirupathur,2
tomato,Tamil Nadu,The Nilgiris,2
tomato,Haryana,Jhajar,2
tomato,Haryana,Jind,2
tomato,Tamil Nadu,Salem,2
tomato,Uttar Pradesh,Banda,2
tomato,Uttar Pradesh,Barabanki,2
tomato,Madhya Pradesh,Harda,2
tomato,Uttar Pradesh,Gautam Budh Nagar,2
tomato,Odisha,Balasore,2
tomato,Uttar Pradesh,Kanpur Dehat,2
tomato,Uttar Pradesh,Mathura,2
tomato,Maharashtra,Jalgaon,2
tomato,Uttar Pradesh,Hathras,2
tomato,Uttar Pradesh,Rampur,2
tomato,Odisha,Nuapada,2
tomato,West Bengal,Howrah,2
tomato,Kerala,Kasargod,2
tomato,Uttar Pradesh,Kannuj,2
tomato,Odisha,Dhenkanal,2
tomato,Uttar Pradesh,Mainpuri,2
tomato,Rajasthan,Ajmer,2
tomato,West Bengal,Dakshin Dinajpur,2
tomato,NCT of Delhi,Delhi,2
tomato,Maharashtra,Sholapur,2
tomato,Uttar Pradesh,Kaushambi,2
tomato,Uttar Pradesh,Amethi,2
tomato,Maharashtra,Nashik,2
tomato,Uttar Pradesh,Lakhimpur,2
tomato,Madhya Pradesh,Rajgarh,2
tomato,Odisha,Sundergarh,2
tomato,Punjab,Amritsar,2
tomato,Himachal Pradesh,Mandi,2
tomato,Madhya Pradesh,Dewas,2
tomato,Punjab,Tarntaran,2
tomato,Punjab,Muktsar,2
tomato,Himachal Pradesh,Solan,2
tomato,Uttar Pradesh,Gonda,2
tomato,Punjab,Fazilka,2
tomato,Uttar Pradesh,Sonbhadra,2
tomato,Uttar Pradesh,Mau(Maunathbhanjan),2
tomato,Madhya Pradesh,Jhabua,2
tomato,Madhya Pradesh,Khandwa,2
tomato,Uttar Pradesh,Mirzapur,2
tomato,West Bengal,Nadia,2
tomato,Karnataka,Chamrajnagar,2
tomato,Punjab,Ferozpur,2
tomato,Madhya Pradesh,Hoshangabad,2
tomato,West Bengal,Bankura,1
tomato,Uttar Pradesh,Muzaffarnagar,1
tomato,Uttar Pradesh,Baghpat,1
tomato,Uttar Pradesh,Mahoba,1
tomato,Uttar Pradesh,Azamgarh,1
tomato,West Bengal,Puruliya,1
tomato,Uttar Pradesh,Ghazipur,1
tomato,Uttar Pradesh,Lucknow,1
tomato,Uttar Pradesh,Siddharth Nagar,1
tomato,Uttarakhand,Garhwal (Pauri),1
tomato,Uttar Pradesh,Varanasi,1
tomato,Uttar Pradesh,Etah,1
tomato,Uttar Pradesh,Deoria,1
tomato,Uttar Pradesh,Chitrakut,1
tomato,Uttar Pradesh,Chandauli,1
tomato,Uttar Pradesh,Bhadohi(Sant Ravi Nagar),1
tomato,Uttar Pradesh,Lalitpur,1
tomato,Uttar Pradesh,Basti,1
tomato,West Bengal,Kolkata,1
tomato,Uttar Pradesh,Kasganj,1
tomato,West Bengal,Medinipur(E),1
tomato,Uttar Pradesh,Khiri (Lakhimpur),1
tomato,Uttar Pradesh,Pratapgarh,1
tomato,Uttar Pradesh,Meerut,1
tomato,Rajasthan,Bhilwara,1
tomato,Uttar Pradesh,Ambedkarnagar,1
tomato,Himachal Pradesh,Chamba,1
tomato,Himachal Pradesh,Una,1
tomato,Jammu and Kashmir,Jammu,1
tomato,Jammu and Kashmir,Kathua,1
tomato,Jammu and Kashmir,Ramban,1
tomato,Karnataka,Belgaum,1
tomato,Karnataka,Davangere,1
tomato,Karnataka,Kalburgi,1
tomato,Karnataka,Mandya,1
tomato,Karnataka,Mysore,1
tomato,Karnataka,Shimoga,1
tomato,Karnataka,Udupi,1
tomato,Madhya Pradesh,Alirajpur,1
tomato,Madhya Pradesh,Badwani,1
tomato,Madhya Pradesh,Bhopal,1
tomato,Madhya Pradesh,Chhindwara,1
tomato,Madhya Pradesh,Gwalior,1
tomato,Madhya Pradesh,Jabalpur,1
tomato,Madhya Pradesh,Mandsaur,1
tomato,Madhya Pradesh,Sagar,1
tomato,Himachal Pradesh,Shimla,1
tomato,Himachal Pradesh,Bilaspur,1
tomato,Tripura,Unokoti,1
tomato,Haryana,Rewari,1
tomato,Chandigarh,Chandigarh,1
tomato,Chattisgarh,Bilaspur,1
tomato,Chattisgarh,Durg,1
tomato,Chattisgarh,Raigarh,1
tomato,Chattisgarh,Rajnandgaon,1
tomato,Gujarat,Ahmedabad,1
tomato,Gujarat,Amreli,1
tomato,Gujarat,Anand,1
tomato,Gujarat,Banaskanth,1
tomato,Gujarat,Bharuch,1
tomato,Gujarat,Dahod,1
tomato,Gujarat,Gandhinagar,1
tomato,Gujarat,Gir Somnath,1
tomato,Gujarat,Mehsana,1
tomato,Gujarat,Porbandar,1
tomato,Gujarat,Surat,1
tomato,Gujarat,Surendranagar,1
tomato,Haryana,Bhiwani,1
tomato,Haryana,Faridabad,1
tomato,Maharashtra,Amarawati,1
tomato,Maharashtra,Chattrapati Sambhajinagar,1
tomato,Maharashtra,Kolhapur,1
tomato,Maharashtra,Mumbai,1
tomato,Rajasthan,Jodhpur,1
tomato,Rajasthan,Kota,1
tomato,Rajasthan,Rajsamand,1
tomato,Rajasthan,Sikar,1
tomato,Rajasthan,Sirohi,1
tomato,Rajasthan,Udaipur,1
tomato,Tamil Nadu,Dharmapuri,1
tomato,Tamil Nadu,Dindigul,1
tomato,Tamil Nadu,Kallakuruchi,1
tomato,Tamil Nadu,Pudukkottai,1
tomato,Tamil Nadu,Ramanathapuram,1
tomato,Tamil Nadu,Sivaganga,1
tomato,Tamil Nadu,Thiruchirappalli,1
tomato,Tamil Nadu,Thirupur,1
tomato,Telangana,Karimnagar,1
tomato,Telangana,Medak,1
tomato,Tripura,Dhalai,1
tomato,Tripura,Gomati,1
tomato,Tripura,Khowai,1
tomato,Rajasthan,Jhunjhunu,1
tomato,Rajasthan,Bikaner,1
tomato,Andhra Pradesh,Kurnool,1
tomato,Odisha,Khurda,1
tomato,Maharashtra,Nandurbar,1
tomato,Maharashtra,Raigad,1
tomato,Maharashtra,Ratnagiri,1
tomato,Odisha,Bhadrak,1
tomato,Odisha,Bolangir,1
tomato,Odisha,Boudh,1
tomato,Odisha,Gajapati,1
tomato,Odisha,Ganjam,1
tomato,Odisha,Rayagada,1
tomato,Rajasthan,Bharatpur,1
tomato,Odisha,Sambalpur,1
tomato,Punjab,Barnala,1
tomato,Punjab,Kapurthala,1
tomato,Punjab,Mansa,1
tomato,Punjab,Moga,1
tomato,Rajasthan,Alwar,1
tomato,Rajasthan,Baran,1
tomato,Rajasthan,Beawar,1
tomato,West Bengal,Sounth 24 Parganas,1
wheat,Madhya Pradesh,Sagar,9
wheat,Madhya Pradesh,Rajgarh,7
wheat,Madhya Pradesh,Dhar,7
wheat,Madhya Pradesh,Mandsaur,6
wheat,Madhya Pradesh,Raisen,6
wheat,Maharashtra,Buldhana,6
wheat,Madhya Pradesh,Ujjain,6
wheat,Madhya Pradesh,Tikamgarh,6
wheat,Madhya Pradesh,Khargone,6
wheat,Uttar Pradesh,Bulandshahar,6
wheat,Madhya Pradesh,Dewas,6
wheat,Madhya Pradesh,Chhatarpur,5
wheat,Madhya Pradesh,Hoshangabad,5
wheat,Madhya Pradesh,Jabalpur,5
wheat,Uttar Pradesh,Jalaun (Orai),5
wheat,Rajasthan,Tonk,5
wheat,Uttar Pradesh,Hardoi,5
wheat,Rajasthan,Jhalawar,5
wheat,Uttar Pradesh,Hamirpur,5
wheat,Maharashtra,Chattrapati Sambhajinagar,5
wheat,Gujarat,Amreli,5
wheat,Uttar Pradesh,Raebarelli,5
wheat,Madhya Pradesh,Satna,5
wheat,Madhya Pradesh,Sehore,5
wheat,Madhya Pradesh,Shajapur,5
wheat,Uttar Pradesh,Fatehpur,5
wheat,Madhya Pradesh,Vidisha,5
wheat,Maharashtra,Ahmednagar,5
wheat,Gujarat,Rajkot,5
wheat,Madhya Pradesh,Panna,4
wheat,Madhya Pradesh,Ratlam,4
wheat,Madhya Pradesh,Rewa,4
wheat,Madhya Pradesh,Narsinghpur,4
wheat,Madhya Pradesh,Indore,4
wheat,Madhya Pradesh,Harda,4
wheat,Uttar Pradesh,Jhansi,4
wheat,Madhya Pradesh,Guna,4
wheat,Gujarat,Bhavnagar,4
wheat,Rajasthan,Dausa,4
wheat,West Bengal,Birbhum,4
wheat,Gujarat,Mehsana,4
wheat,Uttar Pradesh,Kanpur,4
wheat,Rajasthan,Baran,4
wheat,Rajasthan,Alwar,4
wheat,Gujarat,Banaskanth,4
wheat,Uttar Pradesh,Sitapur,4
wheat,Gujarat,Gandhinagar,4
wheat,Maharashtra,Nashik,3
wheat,Gujarat,Jamnagar,3
wheat,Uttar Pradesh,Shahjahanpur,3
wheat,Madhya Pradesh,Datia,3
wheat,Madhya Pradesh,Shivpuri,3
wheat,Gujarat,Patan,3
wheat,Uttar Pradesh,Unnao,3
wheat,Uttar Pradesh,Farukhabad,3
wheat,Uttar Pradesh,Etawah,3
wheat,Rajasthan,Ganganagar,3
wheat,Madhya Pradesh,Damoh,3
wheat,Gujarat,Morbi,3
wheat,Madhya Pradesh,Khandwa,3
wheat,Uttar Pradesh,Maharajganj,3
wheat,Uttar Pradesh,Balrampur,3
wheat,Uttar Pradesh,Jaunpur,3
wheat,Uttar Pradesh,Aligarh,3
wheat,Madhya Pradesh,Bhind,3
wheat,Madhya Pradesh,Jhabua,3
wheat,Gujarat,Sabarkantha,3
wheat,Maharashtra,Dhule,3
wheat,Rajasthan,Bundi,3
wheat,Uttar Pradesh,Mainpuri,3
wheat,Uttar Pradesh,Pillibhit,3
wheat,Uttar Pradesh,Bahraich,2
wheat,Uttar Pradesh,Amroha,2
wheat,Uttar Pradesh,Badaun,2
wheat,Rajasthan,Udaipur,2
wheat,Uttar Pradesh,Agra,2
wheat,Rajasthan,Swai Madhopur,2
wheat,Uttar Pradesh,Auraiya,2
wheat,Uttar Pradesh,Ballia,2
wheat,Uttar Pradesh,Amethi,2
wheat,Rajasthan,Jaipur Rural,2
wheat,Bihar,Sheikhpura,2
wheat,Uttar Pradesh,Banda,2
wheat,Uttar Pradesh,Etah,2
wheat,West Bengal,Paschim Bardhaman,2
wheat,West Bengal,Bankura,2
wheat,Uttar Pradesh,Rampur,2
wheat,Uttar Pradesh,Prayagraj,2
wheat,Uttar Pradesh,Mirzapur,2
wheat,Uttar Pradesh,Mathura,2
wheat,Uttar Pradesh,Mahoba,2
wheat,Uttar Pradesh,Lucknow,2
wheat,Uttar Pradesh,Lakhimpur,2
wheat,Uttar Pradesh,Khiri (Lakhimpur),2
wheat,Uttar Pradesh,Kanpur Dehat,2
wheat,Uttar Pradesh,Kannuj,2
wheat,Uttar Pradesh,Hathras,2
wheat,Uttar Pradesh,Gorakhpur,2
wheat,Uttar Pradesh,Gonda,2
wheat,Uttar Pradesh,Ghaziabad,2
wheat,Uttar Pradesh,Firozabad,2
wheat,Rajasthan,Chittorgarh,2
wheat,West Bengal,Uttar Dinajpur,2
wheat,Madhya Pradesh,Mandla,2
wheat,NCT of Delhi,Delhi,2
wheat,Maharashtra,Jalgaon,2
wheat,Madhya Pradesh,Gwalior,2
wheat,Maharashtra,Nagpur,2
wheat,Madhya Pradesh,Alirajpur,2
wheat,Gujarat,Junagarh,2
wheat,Maharashtra,Beed,2
wheat,Maharashtra,Vashim,2
wheat,Madhya Pradesh,Bhopal,2
wheat,Karnataka,Bidar,2
wheat,Gujarat,Anand,2
wheat,Rajasthan,Bharatpur,2
wheat,Madhya Pradesh,Sheopur,2
wheat,Madhya Pradesh,Morena,2
wheat,Madhya Pradesh,Neemuch,2
wheat,Madhya Pradesh,Seoni,2
wheat,Madhya Pradesh,Chhindwara,2
wheat,Karnataka,Gadag,1
wheat,Karnataka,Shimoga,1
wheat,Madhya Pradesh,Burhanpur,1
wheat,Madhya Pradesh,Ashoknagar,1
wheat,Uttar Pradesh,Lalitpur,1
wheat,Madhya Pradesh,Badwani,1
wheat,Madhya Pradesh,Dindori,1
wheat,Madhya Pradesh,Betul,1
wheat,Uttar Pradesh,Meerut,1
wheat,Uttar Pradesh,Kasganj,1
wheat,Rajasthan,Bhilwara,1
wheat,Karnataka,Bangalore,1
wheat,Uttar Pradesh,Muzaffarnagar,1
wheat,Chattisgarh,Mungeli,1
wheat,West Bengal,Nadia,1
wheat,West Bengal,Murshidabad,1
wheat,Chattisgarh,Rajnandgaon,1
wheat,Uttarakhand,Haridwar,1
wheat,Uttar Pradesh,Varanasi,1
wheat,Gujarat,Bharuch,1
wheat,Uttar Pradesh,Sonbhadra,1
wheat,Gujarat,Dahod,1
wheat,Uttar Pradesh,Siddharth Nagar,1
wheat,Uttar Pradesh,Shamli,1
wheat,Gujarat,Gir Somnath,1
wheat,Uttar Pradesh,Sambhal,1
wheat,Uttar Pradesh,Saharanpur,1
wheat,Gujarat,Kheda,1
wheat,Gujarat,Porbandar,1
wheat,Uttar Pradesh,Pratapgarh,1
wheat,Gujarat,Surendranagar,1
wheat,Madhya Pradesh,Shehdol,1
wheat,Madhya Pradesh,Katni,1
wheat,Rajasthan,Pratapgarh,1
wheat,Maharashtra,Pune,1
wheat,Maharashtra,Raigad,1
wheat,Maharashtra,Sangli,1
wheat,Uttar Pradesh,Ambedkarnagar,1
wheat,Maharashtra,Sholapur,1
wheat,Maharashtra,Thane,1
wheat,Maharashtra,Wardha,1
wheat,Rajasthan,Kota,1
wheat,Uttar Pradesh,Ghazipur,1
wheat,Rajasthan,Khairthal Tijara,1
wheat,Rajasthan,Kekri,1
wheat,Chattisgarh,Balodabazar,1
wheat,Rajasthan,Anupgarh,1
wheat,Rajasthan,Hanumangarh,1
wheat,Rajasthan,Gangapur City,1
wheat,Rajasthan,Beawar,1
wheat,Uttar Pradesh,Ayodhya,1
wheat,Uttar Pradesh,Azamgarh,1
wheat,Maharashtra,Nandurbar,1
wheat,Maharashtra,Mumbai,1
wheat,Uttar Pradesh,Gautam Budh Nagar,1
wheat,Madhya Pradesh,Sidhi,1
wheat,Madhya Pradesh,Umariya,1
wheat,Maharashtra,Akola,1
wheat,Maharashtra,Amarawati,1
wheat,Uttar Pradesh,Deoria,1
wheat,Uttar Pradesh,Chitrakut,1
wheat,Uttar Pradesh,Chandauli,1
wheat,Maharashtra,Dharashiv(Usmanabad),1
wheat,Uttar Pradesh,Bijnor,1
wheat,Uttar Pradesh,Bhadohi(Sant Ravi Nagar),1
wheat,Uttar Pradesh,Basti,1
wheat,Uttar Pradesh,Bareilly,1
wheat,Uttar Pradesh,Barabanki,1
wheat,Maharashtra,Jalana,1
wheat,Rajasthan,Ajmer,1
