experiment_family,experiment_name,crop,horizon_days,validation_rows,validation_start,validation_end,mae,rmse,r2,mape_pct,wape_pct
baseline,previous_day_price,onion,1,8678,2025-10-03,2025-12-31,152.30108213895642,284.6825741498773,0.9180348905627915,6.184554978197416,5.700328950145451
baseline,current_price,onion,1,8678,2025-10-03,2025-12-31,100.50790726016088,214.4384188162546,0.9534936294855996,3.9697313288031575,3.761812624226144
baseline,roll_mean_7,onion,1,8678,2025-10-03,2025-12-31,252.63602596248083,363.1752571868298,0.8666049358270834,10.905424582770372,9.455667894268153
baseline,roll_mean_28,onion,1,8678,2025-10-03,2025-12-31,432.81262186877944,516.0222325631546,0.7306952078267028,20.363397908459493,16.19932231457134
baseline,previous_day_price,onion,2,8412,2025-10-03,2025-12-31,175.61419703130034,309.6932901602266,0.9033199807855617,7.047015319175391,6.553431775810608
baseline,current_price,onion,2,8412,2025-10-03,2025-12-31,134.3167835221183,254.01645187742727,0.9349575597018347,5.152621295000108,5.0123275454867535
baseline,roll_mean_7,onion,2,8412,2025-10-03,2025-12-31,277.199908476851,389.83500400731,0.8468084532017643,11.84690724118285,10.344327048571175
baseline,roll_mean_28,onion,2,8412,2025-10-03,2025-12-31,438.4250778057683,522.6621710715939,0.7246308574208438,20.576138932586314,16.36080046360068
baseline,previous_day_price,onion,3,8146,2025-10-03,2025-12-31,208.21313824601086,347.16323032207674,0.8789927967105567,8.271490235337255,7.745785052869963
baseline,current_price,onion,3,8146,2025-10-03,2025-12-31,157.73479424236888,281.7844706312406,0.9202780537957672,6.018929684318296,5.867928517154792
baseline,roll_mean_7,onion,3,8146,2025-10-03,2025-12-31,301.8279165490588,416.5046193198933,0.8258259594456232,12.810084441623951,11.228370045420867
baseline,roll_mean_28,onion,3,8146,2025-10-03,2025-12-31,442.8684928698257,528.528527105644,0.7195337237723876,20.752276141232436,16.475253105330236
baseline,previous_day_price,onion,4,7880,2025-10-03,2025-12-31,233.8371508099147,372.4946892634939,0.8612387089438236,9.223570815578174,8.668002016052046
baseline,current_price,onion,4,7880,2025-10-03,2025-12-31,190.3997776931673,321.58742856211506,0.8965748195198243,7.216657203069723,7.057841969011279
baseline,roll_mean_7,onion,4,7880,2025-10-03,2025-12-31,324.84498223361544,440.31423152710477,0.8061108053976005,13.691278783767336,12.041529548032717
baseline,roll_mean_28,onion,4,7880,2025-10-03,2025-12-31,445.48622207441707,532.3235204849947,0.7166132942450103,20.83613329450889,16.513524295390663
baseline,previous_day_price,onion,5,7615,2025-10-03,2025-12-31,256.90049305177786,397.99488594014167,0.8421633304082653,10.04243413294364,9.48894311885125
baseline,current_price,onion,5,7615,2025-10-03,2025-12-31,216.44846189960433,349.01869406959736,0.8786191138684268,8.167724423815983,7.994796423820929
baseline,roll_mean_7,onion,5,7615,2025-10-03,2025-12-31,347.22681736856265,463.64136275815935,0.7858010820246608,14.543379984652857,12.825259617878496
baseline,roll_mean_28,onion,5,7615,2025-10-03,2025-12-31,446.9291583262508,535.113656434732,0.7146716043052116,20.8710133168257,16.50789109485716
baseline,previous_day_price,onion,6,7350,2025-10-03,2025-12-31,280.1691197116961,424.5226452695466,0.8210723404553125,10.88098890996571,10.307684183439028
baseline,current_price,onion,6,7350,2025-10-03,2025-12-31,239.14476191717247,375.3405299852947,0.8601293208814365,8.936702982323398,8.798359656847737
baseline,roll_mean_7,onion,6,7350,2025-10-03,2025-12-31,368.88694081993265,485.47169755807425,0.766006609661252,15.346672594844222,13.571695871692075
baseline,roll_mean_28,onion,6,7350,2025-10-03,2025-12-31,446.48985495186616,535.9881565215009,0.714775948522779,20.81130136252777,16.426779727506162
baseline,previous_day_price,onion,7,7085,2025-10-03,2025-12-31,306.81941603289204,450.8383619050596,0.798942745615715,11.814368623114294,11.238286487433285
baseline,current_price,onion,7,7085,2025-10-03,2025-12-31,262.3538520080075,403.0731875488239,0.8392889121020444,9.748077550625771,9.609586603318428
baseline,roll_mean_7,onion,7,7085,2025-10-03,2025-12-31,390.2418662471575,505.7101673626713,0.7470227939219215,16.11229987522181,14.293912520210327
baseline,roll_mean_28,onion,7,7085,2025-10-03,2025-12-31,444.768933117085,535.4466652611956,0.7163972370237839,20.687651350458108,16.291148571066984
baseline,previous_day_price,onion,8,6821,2025-10-03,2025-12-31,331.2169888457851,476.01099430985903,0.7765026800691284,12.655886015494493,12.077697344863035
baseline,current_price,onion,8,6821,2025-10-03,2025-12-31,289.45416507810535,430.50399437320925,0.8171930414678276,10.672557937529671,10.554832387088368
baseline,roll_mean_7,onion,8,6821,2025-10-03,2025-12-31,410.06197460172916,524.2377671760773,0.7289215692879839,16.79090253919895,14.952748767915807
baseline,roll_mean_28,onion,8,6821,2025-10-03,2025-12-31,442.0347974411657,533.3198240025334,0.7194477173229092,20.51167069539858,16.118625188872688
baseline,previous_day_price,onion,9,6557,2025-10-03,2025-12-31,354.92397137572704,497.51297309033714,0.7562974448733266,13.501255452956334,12.880392213656751
baseline,current_price,onion,9,6557,2025-10-03,2025-12-31,313.95525496036373,456.5806318131082,0.7947485506934359,11.480459043728896,11.393614259847219
baseline,roll_mean_7,onion,9,6557,2025-10-03,2025-12-31,428.37274581569017,540.3070644628092,0.7125696956111883,17.3686536752713,15.54588989399695
baseline,roll_mean_28,onion,9,6557,2025-10-03,2025-12-31,437.90561049468863,529.399375659859,0.7240578063268981,20.25785516689402,15.891842959689523
baseline,previous_day_price,onion,10,6293,2025-10-03,2025-12-31,376.243248220409,517.6751552112478,0.7371039643279618,14.19329265309696,13.58125769129568
baseline,current_price,onion,10,6293,2025-10-03,2025-12-31,338.1773613475078,479.7861459014509,0.7741787541361399,12.309076733874305,12.207192850760059
baseline,roll_mean_7,onion,10,6293,2025-10-03,2025-12-31,445.09308636115503,555.1721301927255,0.6976397435439827,17.836552003249263,16.066531242957378
baseline,roll_mean_28,onion,10,6293,2025-10-03,2025-12-31,432.57051845166575,524.5213880388894,0.7301044052177763,19.92967223644241,15.614503937377947
baseline,previous_day_price,onion,11,6030,2025-10-03,2025-12-31,397.56099575747385,537.5339536311038,0.7171104738073241,14.8606339198017,14.272122268550296
baseline,current_price,onion,11,6030,2025-10-03,2025-12-31,360.0036369105234,500.99197952739684,0.7542652299959913,13.003348324950966,12.923843078017008
baseline,roll_mean_7,onion,11,6030,2025-10-03,2025-12-31,460.1590830572581,568.3216575358884,0.6837769834179606,18.214275921293346,16.51934361383769
baseline,roll_mean_28,onion,11,6030,2025-10-03,2025-12-31,426.15832063090056,518.1593654580746,0.7371356025794065,19.555608862717534,15.298743394622694
baseline,previous_day_price,onion,12,5766,2025-10-03,2025-12-31,420.23570009417904,556.6091701525099,0.697597807911198,15.567856042093464,14.993854613819286
baseline,current_price,onion,12,5766,2025-10-03,2025-12-31,381.36088124288324,522.13738012497,0.7338945358736606,13.657893838106466,13.606815431131425
baseline,roll_mean_7,onion,12,5766,2025-10-03,2025-12-31,472.57028932782634,578.8921477325022,0.6729007575813756,18.482182713634998,16.86113343393714
baseline,roll_mean_28,onion,12,5766,2025-10-03,2025-12-31,417.8272189859722,510.34847914576403,0.7457752255725074,19.104708016802082,14.907920897172911
baseline,previous_day_price,onion,13,5502,2025-10-03,2025-12-31,442.48466376195313,572.9446790236819,0.6804961663526343,16.23191235178242,15.686155517155562
baseline,current_price,onion,13,5502,2025-10-03,2025-12-31,404.69777015347364,542.3448897163642,0.7137128881454762,14.367468720689185,14.346603803400129
baseline,roll_mean_7,onion,13,5502,2025-10-03,2025-12-31,481.6208140376244,585.9558118584313,0.6658200228315361,18.629290752793263,17.073538605978754
baseline,roll_mean_28,onion,13,5502,2025-10-03,2025-12-31,408.12691764954434,500.79995147263077,0.7558935533997118,18.589759856795627,14.468167657065276
baseline,previous_day_price,onion,14,5238,2025-10-03,2025-12-31,460.97031099579885,589.5975688939532,0.6630397848278258,16.708636274195843,16.229715894627372
baseline,current_price,onion,14,5238,2025-10-03,2025-12-31,427.97008896869664,559.9986974372405,0.6960226026400114,15.069140746546935,15.067853155999995
baseline,roll_mean_7,onion,14,5238,2025-10-03,2025-12-31,486.9769470495799,589.368379515,0.6633017014179825,18.651171605855414,17.1453503822716
baseline,roll_mean_28,onion,14,5238,2025-10-03,2025-12-31,397.49696106904565,489.7932470347508,0.7674625826593799,18.05201108215956,13.994963652197468
baseline,previous_day_price,onion,15,4974,2025-10-03,2025-12-31,480.47711897531707,601.9219271004515,0.6508344898571525,17.20330133545328,16.803421293075697
baseline,current_price,onion,15,4974,2025-10-03,2025-12-31,449.06007615176964,579.6543313417675,0.6761908022971418,15.641935624806072,15.704692996767818
baseline,roll_mean_7,onion,15,4974,2025-10-03,2025-12-31,490.02704010732805,589.842641602759,0.6647078840258532,18.618629140304144,17.137404622893886
baseline,roll_mean_28,onion,15,4974,2025-10-03,2025-12-31,387.3250903099382,479.0784306995141,0.7788106326779047,17.551171290469146,13.545674523974219
baseline,previous_day_price,potato,1,4113,2025-09-02,2025-11-30,134.16449958870268,317.16201346754707,0.9518052679998411,4.475320308954942,5.110431164110229
baseline,current_price,potato,1,4113,2025-09-02,2025-11-30,101.79922020310896,275.05977448059855,0.9637513862770033,3.3753744817051587,3.8776122521452336
baseline,roll_mean_7,potato,1,4113,2025-09-02,2025-11-30,172.2375583674744,318.1551778087352,0.9515029604715384,6.170054497078513,6.560663876135485
baseline,roll_mean_28,potato,1,4113,2025-09-02,2025-11-30,226.0212411184847,360.3902991478245,0.9377723469470659,8.669552939907293,8.609326594619066
baseline,previous_day_price,potato,2,3984,2025-09-02,2025-11-30,146.8105370895344,320.9870536361437,0.9503672096818594,5.020627998709501,5.597272690752049
baseline,current_price,potato,2,3984,2025-09-02,2025-11-30,126.95871197673918,305.5017568349355,0.9550405403495688,4.1972423796977685,4.8404055014598475
baseline,roll_mean_7,potato,2,3984,2025-09-02,2025-11-30,183.1758793681595,331.70910951187835,0.9469960231385486,6.644129344376344,6.9837313282670355
baseline,roll_mean_28,potato,2,3984,2025-09-02,2025-11-30,228.43342209303472,360.74744490980186,0.9373097233462226,8.809204363077127,8.709212434503968
baseline,previous_day_price,potato,3,3855,2025-09-02,2025-11-30,170.0838327753557,354.3510469506641,0.9392530432536373,5.8872850349748065,6.489598802706506
baseline,current_price,potato,3,3855,2025-09-02,2025-11-30,140.6812889244104,313.0304016842206,0.9525943481834678,4.781138023166539,5.367736070322999
baseline,roll_mean_7,potato,3,3855,2025-09-02,2025-11-30,194.54282427624108,347.4078953552054,0.941610271781785,7.121483865835108,7.422838837161759
baseline,roll_mean_28,potato,3,3855,2025-09-02,2025-11-30,231.36078302035236,363.9032521927675,0.9359338008896078,8.963894501616567,8.827638911837067
baseline,previous_day_price,potato,4,3726,2025-09-02,2025-11-30,187.05229531024565,378.45907529110843,0.9302247396870503,6.573826963523928,7.14583776386428
baseline,current_price,potato,4,3726,2025-09-02,2025-11-30,162.67685951082316,343.012642300427,0.9426829445122963,5.61687388446448,6.21463876757684
baseline,roll_mean_7,potato,4,3726,2025-09-02,2025-11-30,200.84195044010258,353.58791497719807,0.9390942291865488,7.454795506462582,7.672635033120772
baseline,roll_mean_28,potato,4,3726,2025-09-02,2025-11-30,231.9082031127784,361.1025969862495,0.9364779008682892,9.051054527742266,8.859438975632978
baseline,previous_day_price,potato,5,3597,2025-09-02,2025-11-30,196.2650143913772,386.7764633379661,0.926573822903388,7.008705759874724,7.506632507719738
baseline,current_price,potato,5,3597,2025-09-02,2025-11-30,180.75202599675663,368.35744909288206,0.9334006860960462,6.345821003926984,6.913300561442644
baseline,roll_mean_7,potato,5,3597,2025-09-02,2025-11-30,206.58117528186176,357.12711168060133,0.9373996899331285,7.774268761793886,7.901199154941714
baseline,roll_mean_28,potato,5,3597,2025-09-02,2025-11-30,232.52838875358307,356.74782963228824,0.937532586960499,9.144495623159298,8.893613400219063
baseline,previous_day_price,potato,6,3468,2025-09-02,2025-11-30,202.46860445443977,385.791073040649,0.9264488763560405,7.412629057696711,7.751842520573933
baseline,current_price,potato,6,3468,2025-09-02,2025-11-30,190.827602085074,380.1941082434731,0.9285675199626777,6.811310934938361,7.306147656463495
baseline,roll_mean_7,potato,6,3468,2025-09-02,2025-11-30,212.04267640383125,362.0306137980984,0.9352297524636184,8.09544804912429,8.118401564294846
baseline,roll_mean_28,potato,6,3468,2025-09-02,2025-11-30,233.5618381391729,354.95707952148626,0.9377360528858419,9.249215510297361,8.942297957499184
baseline,previous_day_price,potato,7,3339,2025-09-02,2025-11-30,218.17314139413494,408.0442229053885,0.9170989059812298,8.011004936791078,8.36238616221245
baseline,current_price,potato,7,3339,2025-09-02,2025-11-30,197.32469611242493,380.74191587185896,0.9278216122993228,7.221614125446156,7.5632834440072765
baseline,roll_mean_7,potato,7,3339,2025-09-02,2025-11-30,217.204834311328,367.3327637265593,0.9328161128870232,8.3859639150856,8.32527179653804
baseline,roll_mean_28,potato,7,3339,2025-09-02,2025-11-30,234.7497282652654,354.74650323082204,0.937341204604231,9.348708361114136,8.99775227456738
baseline,previous_day_price,potato,8,3210,2025-09-02,2025-11-30,227.31136321592996,417.35878815250425,0.912712139334193,8.444249706786808,8.722699578751572
baseline,current_price,potato,8,3210,2025-09-02,2025-11-30,213.66381999184824,403.0804648059764,0.9185824132613384,7.8510744493036775,8.198997561186316
baseline,roll_mean_7,potato,8,3210,2025-09-02,2025-11-30,222.20905736537986,369.63806590595465,0.931531927402468,8.672851465743813,8.526906986319766
baseline,roll_mean_28,potato,8,3210,2025-09-02,2025-11-30,235.5577167429082,352.46293284346757,0.9377468078706463,9.444289638149346,9.039139828013026
baseline,previous_day_price,potato,9,3081,2025-09-02,2025-11-30,232.5517151503842,417.24504645992863,0.9122124795512618,8.78010113345082,8.935788042226042
baseline,current_price,potato,9,3081,2025-09-02,2025-11-30,222.9726284201601,414.09601212398934,0.9135325801557014,8.307296976721922,8.567712112947131
baseline,roll_mean_7,potato,9,3081,2025-09-02,2025-11-30,226.36170418286716,372.133946716829,0.9301688841820975,8.950972428236357,8.697937179896268
baseline,roll_mean_28,potato,9,3081,2025-09-02,2025-11-30,235.9804428820512,351.0815978981059,0.9378463645253866,9.541132234874318,9.067536734102452
baseline,previous_day_price,potato,10,2952,2025-09-02,2025-11-30,240.34774648490202,423.7705078877184,0.909760440247986,9.156475055663277,9.224312399983873
baseline,current_price,potato,10,2952,2025-09-02,2025-11-30,231.2802041958116,418.67475425732135,0.911917616471395,8.697455014353839,8.876308959144918
baseline,roll_mean_7,potato,10,2952,2025-09-02,2025-11-30,232.24811949886384,378.2882901495573,0.92809132175668,9.234877545296355,8.913456605680642
baseline,roll_mean_28,potato,10,2952,2025-09-02,2025-11-30,238.94304486723536,355.22907575841185,0.9365907638103594,9.667636370690227,9.170401320143839
baseline,previous_day_price,potato,11,2823,2025-09-02,2025-11-30,250.6384690001053,443.2921071032192,0.9013562577507864,9.616129774415203,9.618345485167884
baseline,current_price,potato,11,2823,2025-09-02,2025-11-30,239.30792281649315,425.88195804234067,0.9089524997331954,9.1004424149341,9.183531515211873
baseline,roll_mean_7,potato,11,2823,2025-09-02,2025-11-30,237.98401574231812,385.74689861764017,0.9253045017594013,9.51004690237144,9.13272608346601
baseline,roll_mean_28,potato,11,2823,2025-09-02,2025-11-30,241.86215719359052,359.9355157343073,0.9349662277508543,9.803617365030368,9.281551219796826
baseline,previous_day_price,potato,12,2694,2025-09-02,2025-11-30,253.61078553166894,444.3625398610615,0.9009321012423812,9.82247605234832,9.73206041862593
baseline,current_price,potato,12,2694,2025-09-02,2025-11-30,248.8357134475989,444.3621863381775,0.9009322588738294,9.524538593239772,9.548821799936896
baseline,roll_mean_7,potato,12,2694,2025-09-02,2025-11-30,241.4371363286028,389.25580565303585,0.9239799294735757,9.695105602253257,9.264908797644878
baseline,roll_mean_28,potato,12,2694,2025-09-02,2025-11-30,243.35478101003744,361.8557886264869,0.9343054836422535,9.874634827041863,9.338496495668263
baseline,previous_day_price,potato,13,2565,2025-09-02,2025-11-30,254.4391162209043,439.8052221717827,0.9028044606206682,9.959643055399852,9.769261415887971
baseline,current_price,potato,13,2565,2025-09-02,2025-11-30,251.17105713405456,443.9907641462826,0.9009456750302167,9.71652703813153,9.643783368266218
baseline,roll_mean_7,potato,13,2565,2025-09-02,2025-11-30,243.66292429757772,389.6818661541932,0.9236962357398552,9.83228321539228,9.35550649671368
baseline,roll_mean_28,potato,13,2565,2025-09-02,2025-11-30,244.0183461237755,361.9363603987566,0.9341751314808338,9.918533013367984,9.369153017675591
baseline,previous_day_price,potato,14,2436,2025-09-02,2025-11-30,259.3581965285192,454.0935869935095,0.8963454500334989,10.199406006567706,9.959208152303034
baseline,current_price,potato,14,2436,2025-09-02,2025-11-30,251.71484264962842,439.3122471283605,0.9029838011625744,9.873932650910678,9.6657076835287
baseline,roll_mean_7,potato,14,2436,2025-09-02,2025-11-30,246.96283421789158,390.10761370596543,0.9234991102480355,10.008698673107773,9.483233245679337
baseline,roll_mean_28,potato,14,2436,2025-09-02,2025-11-30,244.33303418370534,362.2838657290892,0.934022535797583,9.971405396135696,9.382250410781676
baseline,previous_day_price,potato,15,2307,2025-09-02,2025-11-30,263.75484506353865,460.167943723461,0.8936931006732123,10.40998380519585,10.122965268081574
baseline,current_price,potato,15,2307,2025-09-02,2025-11-30,257.8158372427346,455.7993839835801,0.8957019482708398,10.108654775449889,9.895024924910317
baseline,roll_mean_7,potato,15,2307,2025-09-02,2025-11-30,249.80781904494674,389.6992986751351,0.9237591066322695,10.127424649101739,9.58767553740298
baseline,roll_mean_28,potato,15,2307,2025-09-02,2025-11-30,245.19528588266448,363.75415611887234,0.9335729973596701,9.995508662252133,9.410645564784241
baseline,previous_day_price,tomato,1,29374,2025-10-03,2025-12-31,312.9959858643454,551.9059184326277,0.8447517523347337,9.990967973037037,9.87182692823216
baseline,current_price,tomato,1,29374,2025-10-03,2025-12-31,239.0287382686688,469.70354729976873,0.8875539292211889,7.830139306742269,7.538915646300621
baseline,roll_mean_7,tomato,1,29374,2025-10-03,2025-12-31,412.5067385307674,626.808321145534,0.7997529574005012,12.662212028649295,13.010374935831189
baseline,roll_mean_28,tomato,1,29374,2025-10-03,2025-12-31,554.3618911578085,841.1528633060452,0.6393827813225459,16.589046209578527,17.48445632618818
baseline,previous_day_price,tomato,2,28999,2025-10-03,2025-12-31,372.5666278564002,617.9040444963103,0.8064622009900048,11.716966849170413,11.714424798516724
baseline,current_price,tomato,2,28999,2025-10-03,2025-12-31,313.5140593739323,552.7992319657088,0.8450974440211281,9.980628604521018,9.857664635570087
baseline,roll_mean_7,tomato,2,28999,2025-10-03,2025-12-31,462.5158489102233,693.1144912172423,0.7564805356660455,14.058181682641417,14.542652844014942
baseline,roll_mean_28,tomato,2,28999,2025-10-03,2025-12-31,572.6614213835637,868.3920595303199,0.6177430332584974,17.06690500645641,18.005904593245262
baseline,previous_day_price,tomato,3,28633,2025-10-03,2025-12-31,429.3680675641715,692.4287174128493,0.7582653908201707,13.342286996383685,13.459510643626741
baseline,current_price,tomato,3,28633,2025-10-03,2025-12-31,372.82505030890167,618.8824537340525,0.8068898815529246,11.67731021997297,11.687042218372147
baseline,roll_mean_7,tomato,3,28633,2025-10-03,2025-12-31,508.60668155119606,755.9093674155588,0.7119100256992306,15.310403032569647,15.94342374502474
baseline,roll_mean_28,tomato,3,28633,2025-10-03,2025-12-31,589.3621107973267,893.9214476383883,0.5971091493744174,17.479949001994914,18.474884842341893
baseline,previous_day_price,tomato,4,28270,2025-10-03,2025-12-31,479.14296023798556,749.2787470822695,0.7184906477602298,14.73867375821123,14.97456532440907
baseline,current_price,tomato,4,28270,2025-10-03,2025-12-31,430.6764450036253,694.1696699269678,0.7583775589375876,13.346482009953348,13.4598503882595
baseline,roll_mean_7,tomato,4,28270,2025-10-03,2025-12-31,550.9346074249218,813.2707799304152,0.6683527988258648,16.467023073047603,17.21825624708012
baseline,roll_mean_28,tomato,4,28270,2025-10-03,2025-12-31,605.3176927069329,917.7059861764745,0.5777077334790851,17.882519690241395,18.917880640379984
baseline,previous_day_price,tomato,5,27912,2025-10-03,2025-12-31,526.7689458657406,805.9502041479974,0.6760400247619468,16.04799466984844,16.411623491317226
baseline,current_price,tomato,5,27912,2025-10-03,2025-12-31,481.2285863972615,752.0863948756172,0.7178952474334652,14.761434016923442,14.992801749599725
baseline,roll_mean_7,tomato,5,27912,2025-10-03,2025-12-31,590.5420853845063,868.5150473553222,0.6237906090963767,17.53638644817662,18.398492236818377
baseline,roll_mean_28,tomato,5,27912,2025-10-03,2025-12-31,620.837014760674,940.9123051076876,0.558456765980242,18.265567273716577,19.342338639534056
baseline,previous_day_price,tomato,6,27557,2025-10-03,2025-12-31,552.0520354116231,829.5045241783814,0.6586585504445006,16.492890025525185,17.14383959376733
baseline,current_price,tomato,6,27557,2025-10-03,2025-12-31,529.4471213600692,809.4359678529265,0.6749751940353805,16.07569984712971,16.441849571682212
baseline,roll_mean_7,tomato,6,27557,2025-10-03,2025-12-31,626.9956228908816,921.1338810024486,0.5790824596967965,18.50393695026411,19.471194190635867
baseline,roll_mean_28,tomato,6,27557,2025-10-03,2025-12-31,636.1361223644319,963.5473115811457,0.5394279295400072,18.62977720845917,19.755050143933133
baseline,previous_day_price,tomato,7,27206,2025-10-03,2025-12-31,614.9874039716335,914.0755331178141,0.5875033593775169,18.452916994445975,19.034701979400918
baseline,current_price,tomato,7,27206,2025-10-03,2025-12-31,555.3567372987559,833.321507162305,0.6571679398406571,16.54104887201522,17.18905122034314
baseline,roll_mean_7,tomato,7,27206,2025-10-03,2025-12-31,660.966470185785,970.2650222291373,0.5352311657567488,19.401476487537373,20.45781701724629
baseline,roll_mean_28,tomato,7,27206,2025-10-03,2025-12-31,651.20698760473,985.5277496682619,0.5204940928314529,18.98304908576068,20.155747672079492
baseline,previous_day_price,tomato,8,26858,2025-10-03,2025-12-31,656.2947261493803,969.208716763551,0.5382779935885424,19.53675571596516,20.243233299247567
baseline,current_price,tomato,8,26858,2025-10-03,2025-12-31,619.1123348360231,918.262444593305,0.5855428875185535,18.521409576843773,19.096352497086613
baseline,roll_mean_7,tomato,8,26858,2025-10-03,2025-12-31,692.1315933525384,1015.6758910340282,0.49294363467587,20.21077528832887,21.348611774195973
baseline,roll_mean_28,tomato,8,26858,2025-10-03,2025-12-31,666.0537513949458,1006.4432470270442,0.5021201708569483,19.31975644351063,20.544247793114252
baseline,previous_day_price,tomato,9,26510,2025-10-03,2025-12-31,694.2526887703447,1023.1664022459458,0.48783067726514673,20.54829784382925,21.339002143750978
baseline,current_price,tomato,9,26510,2025-10-03,2025-12-31,661.0835801824219,974.4608186351984,0.5354314737361968,19.631801764892135,20.319494850927043
baseline,roll_mean_7,tomato,9,26510,2025-10-03,2025-12-31,720.4920346265151,1056.6531842299178,0.4537569142092096,20.948059463686146,22.145511742535785
baseline,roll_mean_28,tomato,9,26510,2025-10-03,2025-12-31,680.7404819027216,1027.3318257357548,0.4836519927796227,19.647348208329397,20.923682165911618
baseline,previous_day_price,tomato,10,26162,2025-10-03,2025-12-31,727.9041923139353,1066.8599693490185,0.44523410436872823,21.397172229071067,22.294023636374448
baseline,current_price,tomato,10,26162,2025-10-03,2025-12-31,698.7587654225099,1027.5612925715827,0.4853518832860543,20.61123262455855,21.401366549259578
baseline,roll_mean_7,tomato,10,26162,2025-10-03,2025-12-31,745.6017534495597,1091.320324682757,0.4195037717987189,21.57171189244793,22.83605904492122
baseline,roll_mean_28,tomato,10,26162,2025-10-03,2025-12-31,695.1244882959222,1046.462778299117,0.46624434888004174,19.946966850044564,21.29005703762767
baseline,previous_day_price,tomato,11,25816,2025-10-03,2025-12-31,759.8157624229503,1112.3105989109717,0.3998428009716406,22.197799942831708,23.185713780953847
baseline,current_price,tomato,11,25816,2025-10-03,2025-12-31,733.5149104488979,1072.8550935011212,0.44166480631464955,21.506814348421653,22.383145505558996
baseline,roll_mean_7,tomato,11,25816,2025-10-03,2025-12-31,767.7953974446243,1122.209834593479,0.3891128221832909,22.11686708714731,23.42921166930908
baseline,roll_mean_28,tomato,11,25816,2025-10-03,2025-12-31,709.9476497572418,1066.1930851502016,0.44857736144695115,20.258794828698747,21.663992537140192
baseline,previous_day_price,tomato,12,25471,2025-10-03,2025-12-31,787.9326113390424,1154.2430909862126,0.35727441348717925,22.91567359407235,23.952190213458657
baseline,current_price,tomato,12,25471,2025-10-03,2025-12-31,765.7441981284073,1119.2972064355718,0.3956036100631505,22.309442973484522,23.27768951871934
baseline,roll_mean_7,tomato,12,25471,2025-10-03,2025-12-31,786.8402254734762,1147.8888078030473,0.36433153816363406,22.576926673785973,23.9189830157085
baseline,roll_mean_28,tomato,12,25471,2025-10-03,2025-12-31,724.838703681189,1086.0828289035437,0.4309414971262938,20.564568817541623,22.034212386696232
baseline,previous_day_price,tomato,13,25127,2025-10-03,2025-12-31,800.0166293428533,1165.492169730038,0.34707349542087795,22.989077106399318,24.22600550229043
baseline,current_price,tomato,13,25127,2025-10-03,2025-12-31,794.3688083379202,1160.2008265708323,0.35298861993563235,23.042117367809272,24.05497887893905
baseline,roll_mean_7,tomato,13,25127,2025-10-03,2025-12-31,802.4563055564021,1166.482114234982,0.34596386032448223,22.93593487218726,24.29988347832924
baseline,roll_mean_28,tomato,13,25127,2025-10-03,2025-12-31,740.235014531725,1104.3116150308165,0.41382288591356875,20.884264618602444,22.415705970717152
baseline,previous_day_price,tomato,14,24783,2025-10-03,2025-12-31,841.1608615211303,1223.061811310961,0.28382357235712674,24.24263790150485,25.37308527952387
baseline,current_price,tomato,14,24783,2025-10-03,2025-12-31,806.8208180050665,1172.2053431113266,0.3421443580657483,23.125805584995867,24.33723958996101
baseline,roll_mean_7,tomato,14,24783,2025-10-03,2025-12-31,815.4818786972432,1180.955402270344,0.3322864265961566,23.211138693191362,24.598495006857522
baseline,roll_mean_28,tomato,14,24783,2025-10-03,2025-12-31,756.0994998662552,1122.9287523047235,0.39629104998843157,21.210833558403987,22.807263114000598
baseline,previous_day_price,tomato,15,24442,2025-10-03,2025-12-31,861.5590393089818,1246.9556242935823,0.2587687991778459,24.712463516736012,25.88612381213749
baseline,current_price,tomato,15,24442,2025-10-03,2025-12-31,848.5406227231013,1230.0761870235328,0.27870035696307704,24.389331836085823,25.494976684425414
baseline,roll_mean_7,tomato,15,24442,2025-10-03,2025-12-31,825.8928337148412,1190.2761570037321,0.3246216055535157,23.420309637860797,24.81450855213212
baseline,roll_mean_28,tomato,15,24442,2025-10-03,2025-12-31,772.5399782737509,1141.2791889268422,0.37908022542700215,21.547978792174877,23.2114859400232
baseline,previous_day_price,wheat,1,528,2025-09-02,2025-11-30,36.178604483830526,62.08377076578217,0.6859249265484453,1.433081061468833,1.4262981632884724
baseline,current_price,wheat,1,528,2025-09-02,2025-11-30,33.90653022450624,61.80241040936063,0.688765219055006,1.3450010435462398,1.3367243560848916
baseline,roll_mean_7,wheat,1,528,2025-09-02,2025-11-30,35.31470977801961,55.05455982449456,0.7530188058918947,1.3873590052148561,1.3922401488970262
baseline,roll_mean_28,wheat,1,528,2025-09-02,2025-11-30,47.52955410541937,68.23072745975132,0.620652435666829,1.860149071986566,1.873795761049269
baseline,previous_day_price,wheat,2,496,2025-09-02,2025-11-30,36.483558965267164,63.053860790151184,0.6821348423275433,1.44359278475608,1.4390802140764412
baseline,current_price,wheat,2,496,2025-09-02,2025-11-30,35.34127810983587,61.61553017885631,0.6964711766479943,1.4026038555866938,1.3940233768436907
baseline,roll_mean_7,wheat,2,496,2025-09-02,2025-11-30,36.79821612239337,56.73603721608651,0.742642069039988,1.4447048303435894,1.4514917468841082
baseline,roll_mean_28,wheat,2,496,2025-09-02,2025-11-30,48.59592374849747,69.68335855220579,0.6117801768057367,1.901964938291342,1.916847871607255
baseline,previous_day_price,wheat,3,480,2025-09-02,2025-11-30,40.1986968862762,67.838120258406,0.6345592559103092,1.5885682095521343,1.585821805871828
baseline,current_price,wheat,3,480,2025-09-02,2025-11-30,35.4047735760752,62.07886959606006,0.6939749652087392,1.4029077828421972,1.396703533145196
baseline,roll_mean_7,wheat,3,480,2025-09-02,2025-11-30,38.527434018639674,58.50360021681719,0.7282093320410196,1.51309364081335,1.519891183634501
baseline,roll_mean_28,wheat,3,480,2025-09-02,2025-11-30,49.46468074872857,71.01109110864371,0.5995744994253809,1.9360381957236765,1.95136099992839
baseline,previous_day_price,wheat,4,464,2025-09-02,2025-11-30,41.757400377652345,70.15555087831012,0.6107365996715904,1.6514086404302335,1.6476368644240882
baseline,current_price,wheat,4,464,2025-09-02,2025-11-30,38.84779144815478,66.69459234513104,0.6481960280499248,1.537420195361406,1.5328313715068773
baseline,roll_mean_7,wheat,4,464,2025-09-02,2025-11-30,39.22556711343789,58.75232519149065,0.7269956219572551,1.5405398265287802,1.5477374027007134
baseline,roll_mean_28,wheat,4,464,2025-09-02,2025-11-30,50.030339908266086,71.94632382515977,0.5906104904115179,1.9583079325537684,1.9740652345935445
baseline,previous_day_price,wheat,5,448,2025-09-02,2025-11-30,40.45427224873351,66.77331548847765,0.6493634087430885,1.5877297349658859,1.596055661410599
baseline,current_price,wheat,5,448,2025-09-02,2025-11-30,40.60300334106718,69.30075041868865,0.6223171810922703,1.6073067802121275,1.601923597941193
baseline,roll_mean_7,wheat,5,448,2025-09-02,2025-11-30,40.22309057355382,60.02881233075406,0.7166189168099591,1.579028375472604,1.5869347750128346
baseline,roll_mean_28,wheat,5,448,2025-09-02,2025-11-30,50.86994540635625,73.0463321852415,0.5803877270945202,1.9903972251784579,2.0069886281047813
baseline,previous_day_price,wheat,6,432,2025-09-02,2025-11-30,41.98589999194857,67.03146552560102,0.6489723210761378,1.6506406059546765,1.6568490246901435
baseline,current_price,wheat,6,432,2025-09-02,2025-11-30,39.17253366734845,65.51603874103401,0.6646647600007161,1.539649527206293,1.5458278663511849
baseline,roll_mean_7,wheat,6,432,2025-09-02,2025-11-30,41.0502890669033,60.98005301024942,0.7094910421743859,1.6126123098087646,1.6199279142947967
baseline,roll_mean_28,wheat,6,432,2025-09-02,2025-11-30,51.786017226741414,74.17765290714257,0.5701369575252988,2.0271925610156334,2.043581586941502
baseline,previous_day_price,wheat,7,416,2025-09-02,2025-11-30,43.75384474244964,70.65110633047459,0.6164487073875708,1.7242597095444654,1.7270054120247518
baseline,current_price,wheat,7,416,2025-09-02,2025-11-30,40.7702842804196,65.91146585115439,0.6661837626788571,1.604276315995061,1.609241473898649
baseline,roll_mean_7,wheat,7,416,2025-09-02,2025-11-30,42.16499593950856,63.04127551408247,0.6946235794488997,1.6569951771712463,1.6642920551136013
baseline,roll_mean_28,wheat,7,416,2025-09-02,2025-11-30,52.87548167019731,75.52976164180772,0.5616492588044018,2.0697458587354536,2.0870450024532814
baseline,previous_day_price,wheat,8,400,2025-09-02,2025-11-30,44.21753608604113,68.69900776527275,0.6439877092628821,1.7412838081570432,1.745439039377868
baseline,current_price,wheat,8,400,2025-09-02,2025-11-30,42.62479719247955,69.88018715340809,0.6316402399264793,1.6809284673878921,1.6825674076580828
baseline,roll_mean_7,wheat,8,400,2025-09-02,2025-11-30,42.47034016114825,64.20265731550556,0.6890646711728925,1.6690938198531826,1.6764703847062055
baseline,roll_mean_28,wheat,8,400,2025-09-02,2025-11-30,53.88287454295733,76.96884551316873,0.553116821384529,2.108261157817225,2.1269677396354902
baseline,previous_day_price,wheat,9,384,2025-09-02,2025-11-30,46.73511107017521,72.31642301820493,0.6116031248489389,1.8438723736959821,1.8449021959917569
baseline,current_price,wheat,9,384,2025-09-02,2025-11-30,43.31607329841052,68.21325120700602,0.6544273581172979,1.7064917725230888,1.7099332155214646
baseline,roll_mean_7,wheat,9,384,2025-09-02,2025-11-30,43.28560391112574,66.58125805818321,0.6707651134242951,1.7003038023616568,1.7087304144961748
baseline,roll_mean_28,wheat,9,384,2025-09-02,2025-11-30,55.28259626259783,78.9431664829484,0.5371599425671133,2.1618881984731737,2.1823203349586064
baseline,previous_day_price,wheat,10,368,2025-09-02,2025-11-30,44.56071357334462,68.89651725787843,0.64897262547605,1.757899084630208,1.759559298828203
baseline,current_price,wheat,10,368,2025-09-02,2025-11-30,45.36111529846529,71.00331690721875,0.6271761192721703,1.7930332956684825,1.7911645893475332
baseline,roll_mean_7,wheat,10,368,2025-09-02,2025-11-30,42.88479371799915,67.56916814952213,0.662368006506528,1.6867053601855075,1.693382612480705
baseline,roll_mean_28,wheat,10,368,2025-09-02,2025-11-30,56.187950226018664,80.06939136014657,0.5258895772193457,2.1980400472934236,2.2186814881130443
baseline,previous_day_price,wheat,11,352,2025-09-02,2025-11-30,47.99770991624163,77.09929220266167,0.5594546788577717,1.9000306391992956,1.8954741311637526
baseline,current_price,wheat,11,352,2025-09-02,2025-11-30,42.73209100630297,66.66682216270688,0.6706108278246662,1.6891601132107852,1.687529951206574
baseline,roll_mean_7,wheat,11,352,2025-09-02,2025-11-30,42.83655919921355,68.7444168493024,0.6497608619375708,1.6867846211136732,1.6916554971448485
baseline,roll_mean_28,wheat,11,352,2025-09-02,2025-11-30,57.024099403375544,80.87236186989256,0.5152809764871236,2.2315412700292367,2.2519346331445207
baseline,previous_day_price,wheat,12,336,2025-09-02,2025-11-30,42.302413305967505,70.01569978043808,0.6290819679902813,1.6677566124024021,1.670994041508217
baseline,current_price,wheat,12,336,2025-09-02,2025-11-30,46.455646601470754,74.93181676954674,0.5751656696993629,1.845727570726257,1.8350515395895488
baseline,roll_mean_7,wheat,12,336,2025-09-02,2025-11-30,42.676824037170874,68.38559795472425,0.6461523002938729,1.6844885537498886,1.6857836965662492
baseline,roll_mean_28,wheat,12,336,2025-09-02,2025-11-30,57.93742234394308,81.00309270769718,0.5035331209991735,2.2706758064227652,2.2885949039559104
baseline,previous_day_price,wheat,13,320,2025-09-02,2025-11-30,43.406965894133215,73.38162388060374,0.5807491837192174,1.7184415911265314,1.7145678725819018
baseline,current_price,wheat,13,320,2025-09-02,2025-11-30,39.266236056370005,65.13921602977979,0.6696423749020701,1.5513311496660807,1.551009738475375
baseline,roll_mean_7,wheat,13,320,2025-09-02,2025-11-30,41.836631083824805,66.7124324859518,0.6534923452069379,1.6539316055620292,1.652539910951999
baseline,roll_mean_28,wheat,13,320,2025-09-02,2025-11-30,57.953814291875496,79.70700001772794,0.5053566123745676,2.2721229983625544,2.2891659444885923
baseline,previous_day_price,wheat,14,304,2025-09-02,2025-11-30,41.17364311079325,68.56570506025733,0.6334569228311351,1.6384275253536635,1.6270197798259556
baseline,current_price,wheat,14,304,2025-09-02,2025-11-30,41.285797303604085,70.72340838368625,0.6100243468606049,1.6403804850449097,1.6314516706256745
baseline,roll_mean_7,wheat,14,304,2025-09-02,2025-11-30,41.402673041727475,65.64593379121051,0.6640096610757813,1.6411189522046505,1.6360701382506264
baseline,roll_mean_28,wheat,14,304,2025-09-02,2025-11-30,58.66976961461992,79.78075327867137,0.5037421448901938,2.302779446169954,2.3183976065454215
baseline,previous_day_price,wheat,15,288,2025-09-02,2025-11-30,41.64865260708464,69.82362837694926,0.6208861898346404,1.6545297164684145,1.6455989087909708
baseline,current_price,wheat,15,288,2025-09-02,2025-11-30,38.82698702892684,65.82790637892286,0.6630349452407603,1.5485910661228461,1.534110793192252
baseline,roll_mean_7,wheat,15,288,2025-09-02,2025-11-30,40.920274098628525,65.5036153673489,0.6663467800509517,1.622600357448939,1.6168196133354846
baseline,roll_mean_28,wheat,15,288,2025-09-02,2025-11-30,59.5915212860406,80.39118494957178,0.49744726719305055,2.3382492858083825,2.3545477767706027
