experiment_family,experiment_name,crop,horizon_days,validation_rows,validation_start,validation_end,mae,rmse,r2,mape_pct,wape_pct,source_file,train_rows,target_mode,normalization_mode,threshold_km,alpha,graph_mode,correction_scale,best_alpha,train_windows,validation_windows,sweep,config_name,display_name,graph_bucket
baseline,previous_day_price,onion,15,4974.0,2025-10-03,2025-12-31,480.477118975317,601.9219271004515,0.6508344898571525,17.20330133545328,16.803421293075697,baseline_metrics/baseline_metrics.csv,,,,,,,,,,,,,previous_day_price,non_graph
baseline,current_price,onion,15,4974.0,2025-10-03,2025-12-31,449.0600761517696,579.6543313417675,0.6761908022971418,15.641935624806072,15.704692996767818,baseline_metrics/baseline_metrics.csv,,,,,,,,,,,,,current_price,non_graph
baseline,roll_mean_7,onion,15,4974.0,2025-10-03,2025-12-31,490.0270401073281,589.842641602759,0.6647078840258532,18.618629140304144,17.137404622893886,baseline_metrics/baseline_metrics.csv,,,,,,,,,,,,,roll_mean_7,non_graph
baseline,roll_mean_28,onion,15,4974.0,2025-10-03,2025-12-31,387.3250903099382,479.0784306995141,0.7788106326779047,17.551171290469146,13.54567452397422,baseline_metrics/baseline_metrics.csv,,,,,,,,,,,,,roll_mean_28,non_graph
baseline,previous_day_price,potato,15,2307.0,2025-09-02,2025-11-30,263.75484506353865,460.167943723461,0.8936931006732123,10.40998380519585,10.122965268081574,baseline_metrics/baseline_metrics.csv,,,,,,,,,,,,,previous_day_price,non_graph
baseline,current_price,potato,15,2307.0,2025-09-02,2025-11-30,257.8158372427346,455.7993839835801,0.8957019482708398,10.108654775449889,9.895024924910317,baseline_metrics/baseline_metrics.csv,,,,,,,,,,,,,current_price,non_graph
baseline,roll_mean_7,potato,15,2307.0,2025-09-02,2025-11-30,249.8078190449467,389.6992986751351,0.9237591066322696,10.12742464910174,9.58767553740298,baseline_metrics/baseline_metrics.csv,,,,,,,,,,,,,roll_mean_7,non_graph
baseline,roll_mean_28,potato,15,2307.0,2025-09-02,2025-11-30,245.19528588266448,363.75415611887234,0.93357299735967,9.995508662252131,9.41064556478424,baseline_metrics/baseline_metrics.csv,,,,,,,,,,,,,roll_mean_28,non_graph
baseline,previous_day_price,tomato,15,24442.0,2025-10-03,2025-12-31,861.5590393089818,1246.9556242935823,0.2587687991778459,24.712463516736012,25.88612381213749,baseline_metrics/baseline_metrics.csv,,,,,,,,,,,,,previous_day_price,non_graph
baseline,current_price,tomato,15,24442.0,2025-10-03,2025-12-31,848.5406227231013,1230.0761870235328,0.278700356963077,24.389331836085823,25.494976684425417,baseline_metrics/baseline_metrics.csv,,,,,,,,,,,,,current_price,non_graph
baseline,roll_mean_7,tomato,15,24442.0,2025-10-03,2025-12-31,825.8928337148412,1190.276157003732,0.3246216055535157,23.420309637860797,24.81450855213212,baseline_metrics/baseline_metrics.csv,,,,,,,,,,,,,roll_mean_7,non_graph
baseline,roll_mean_28,tomato,15,24442.0,2025-10-03,2025-12-31,772.5399782737509,1141.2791889268422,0.3790802254270021,21.547978792174877,23.2114859400232,baseline_metrics/baseline_metrics.csv,,,,,,,,,,,,,roll_mean_28,non_graph
baseline,previous_day_price,wheat,15,288.0,2025-09-02,2025-11-30,41.64865260708464,69.82362837694926,0.6208861898346404,1.6545297164684143,1.6455989087909708,baseline_metrics/baseline_metrics.csv,,,,,,,,,,,,,previous_day_price,non_graph
baseline,current_price,wheat,15,288.0,2025-09-02,2025-11-30,38.82698702892684,65.82790637892286,0.6630349452407603,1.548591066122846,1.534110793192252,baseline_metrics/baseline_metrics.csv,,,,,,,,,,,,,current_price,non_graph
baseline,roll_mean_7,wheat,15,288.0,2025-09-02,2025-11-30,40.920274098628525,65.5036153673489,0.6663467800509517,1.622600357448939,1.6168196133354846,baseline_metrics/baseline_metrics.csv,,,,,,,,,,,,,roll_mean_7,non_graph
baseline,roll_mean_28,wheat,15,288.0,2025-09-02,2025-11-30,59.5915212860406,80.39118494957178,0.4974472671930505,2.3382492858083825,2.3545477767706027,baseline_metrics/baseline_metrics.csv,,,,,,,,,,,,,roll_mean_28,non_graph
simple_model,numeric_histgb_simple,onion,15,4974.0,2025-10-03,2025-12-31,841.6380864259127,1045.5341624943928,-0.0534828390574886,27.359712991464452,29.434074556293663,simple_numeric_metrics/simple_numeric_metrics.csv,20000.0,,,,,,,,,,,,numeric_histgb_simple,non_graph
simple_model,numeric_histgb_simple,potato,15,2307.0,2025-09-02,2025-11-30,258.01347740754466,442.46797382986864,0.9017138301136768,10.031287667074508,9.9026103951354,simple_numeric_metrics/simple_numeric_metrics.csv,20000.0,,,,,,,,,,,,numeric_histgb_simple,non_graph
simple_model,numeric_histgb_simple,tomato,15,24442.0,2025-10-03,2025-12-31,900.0911938212836,1241.935144419371,0.2647254585016309,25.63895747701947,27.043848444977357,simple_numeric_metrics/simple_numeric_metrics.csv,20000.0,,,,,,,,,,,,numeric_histgb_simple,non_graph
simple_model,numeric_histgb_simple,wheat,15,288.0,2025-09-02,2025-11-30,46.72668984079599,67.87782929361519,0.6417215643253869,1.870540638960384,1.846239553986149,simple_numeric_metrics/simple_numeric_metrics.csv,20000.0,,,,,,,,,,,,numeric_histgb_simple,non_graph
tabular_variant,histgb_delta_current_mean_center,onion,15,4974.0,2025-10-03,2025-12-31,440.2018812687518,556.9687677889648,0.7010402682751145,15.509599908765953,15.394900969973795,anchored_histgb_metrics/anchored_histgb_metrics.csv,10000.0,delta_current,series_mean_center,,,,,,,,,,histgb_delta_current_mean_center,non_graph
tabular_variant,histgb_delta_current_mean_center,potato,15,2307.0,2025-09-02,2025-11-30,236.7407119245639,368.0214204081596,0.9320053218275136,9.232499421858767,9.086157275237706,anchored_histgb_metrics/anchored_histgb_metrics.csv,10000.0,delta_current,series_mean_center,,,,,,,,,,histgb_delta_current_mean_center,non_graph
tabular_variant,histgb_delta_current_mean_center,tomato,15,24442.0,2025-10-03,2025-12-31,856.6544343880687,1242.5696489987988,0.2639739631563543,23.33592628660052,25.73876164142171,anchored_histgb_metrics/anchored_histgb_metrics.csv,10000.0,delta_current,series_mean_center,,,,,,,,,,histgb_delta_current_mean_center,non_graph
tabular_variant,histgb_delta_current_mean_center,wheat,15,288.0,2025-09-02,2025-11-30,44.55225187951401,67.30390043071604,0.6477546687703071,1.7874927283534747,1.760324343953385,anchored_histgb_metrics/anchored_histgb_metrics.csv,10000.0,delta_current,series_mean_center,,,,,,,,,,histgb_delta_current_mean_center,non_graph
tabular_variant,histgb_cross_crop_delta_current_mean_center,onion,15,4974.0,2025-10-03,2025-12-31,432.3012293956226,550.8767976178602,0.7075443801322037,15.20934192495768,15.118596487052232,cross_crop_histgb_metrics/cross_crop_histgb_metrics.csv,10000.0,delta_current,series_mean_center,,,,,,,,,,histgb_cross_crop_delta_current_mean_center,non_graph
tabular_variant,histgb_cross_crop_delta_current_mean_center,potato,15,2307.0,2025-09-02,2025-11-30,237.35270146370243,368.2245035299112,0.9319302589062178,9.304300056913126,9.109645559775707,cross_crop_histgb_metrics/cross_crop_histgb_metrics.csv,10000.0,delta_current,series_mean_center,,,,,,,,,,histgb_cross_crop_delta_current_mean_center,non_graph
tabular_variant,histgb_cross_crop_delta_current_mean_center,tomato,15,24442.0,2025-10-03,2025-12-31,870.2720506281025,1264.6293245535203,0.2376082442805637,23.673672635044923,26.147912127845046,cross_crop_histgb_metrics/cross_crop_histgb_metrics.csv,10000.0,delta_current,series_mean_center,,,,,,,,,,histgb_cross_crop_delta_current_mean_center,non_graph
tabular_variant,histgb_cross_crop_delta_current_mean_center,wheat,15,288.0,2025-09-02,2025-11-30,42.274182660308085,66.14018760593963,0.6598303026517476,1.698012008860271,1.6703145120233631,cross_crop_histgb_metrics/cross_crop_histgb_metrics.csv,10000.0,delta_current,series_mean_center,,,,,,,,,,histgb_cross_crop_delta_current_mean_center,non_graph
specialized_variant,density_bucket_histgb,onion,15,4974.0,2025-10-03,2025-12-31,456.3287591263325,576.6051405076981,0.6795885483673574,15.921344837193589,15.958896032549966,density_variant_metrics/density_variant_metrics.csv,10000.0,,,,,,,,,,,,density_bucket_histgb,non_graph
specialized_variant,density_bucket_histgb,potato,15,2307.0,2025-09-02,2025-11-30,237.82537515191856,368.8317156151244,0.9317055761463484,9.276852570065612,9.12778687326625,density_variant_metrics/density_variant_metrics.csv,10000.0,,,,,,,,,,,,density_bucket_histgb,non_graph
specialized_variant,density_bucket_histgb,tomato,15,24442.0,2025-10-03,2025-12-31,867.620697371954,1255.2458255572103,0.248880102843171,23.60021732483639,26.06825042675788,density_variant_metrics/density_variant_metrics.csv,10000.0,,,,,,,,,,,,density_bucket_histgb,non_graph
specialized_variant,density_bucket_histgb,wheat,15,288.0,2025-09-02,2025-11-30,44.37957170580509,67.67444984050256,0.64386533673858,1.7809044877986846,1.7535014988518636,density_variant_metrics/density_variant_metrics.csv,10000.0,,,,,,,,,,,,density_bucket_histgb,non_graph
specialized_variant,volume_cluster_histgb,onion,15,4974.0,2025-10-03,2025-12-31,442.8962807355156,559.658766547789,0.6981455158786982,15.583442933479011,15.489130492221236,volume_variant_metrics/volume_variant_metrics.csv,10000.0,,,,,,,,,,,,volume_cluster_histgb,non_graph
specialized_variant,volume_cluster_histgb,potato,15,2307.0,2025-09-02,2025-11-30,238.42869188662004,370.705783155798,0.9310097925801012,9.318656067479113,9.150942293783984,volume_variant_metrics/volume_variant_metrics.csv,10000.0,,,,,,,,,,,,volume_cluster_histgb,non_graph
specialized_variant,volume_cluster_histgb,tomato,15,24442.0,2025-10-03,2025-12-31,864.1007906269464,1254.1852024730958,0.2501488878377811,23.470180411094027,25.962492448893094,volume_variant_metrics/volume_variant_metrics.csv,10000.0,,,,,,,,,,,,volume_cluster_histgb,non_graph
specialized_variant,volume_cluster_histgb,wheat,15,288.0,2025-09-02,2025-11-30,43.3410402293937,66.72862251534472,0.6537505451927808,1.7381204526045817,1.712467608021096,volume_variant_metrics/volume_variant_metrics.csv,10000.0,,,,,,,,,,,,volume_cluster_histgb,non_graph
graph_model,graph_neighbor_blend,onion,15,4974.0,2025-10-03,2025-12-31,480.0101056884403,601.076792435737,0.6518143003597365,17.08844031075805,16.78708873383627,graph_neighbor_blend_metrics/graph_neighbor_blend_metrics.csv,,,,75.0,0.9,,,,,,,,graph_neighbor_blend,graph
graph_model,graph_neighbor_blend,onion,15,4974.0,2025-10-03,2025-12-31,490.1521027859528,612.8978333667446,0.63798448632735,17.40156735962766,17.141778360568335,graph_neighbor_blend_metrics/graph_neighbor_blend_metrics.csv,,,,150.0,0.9,,,,,,,,graph_neighbor_blend,graph
graph_model,graph_neighbor_blend,onion,15,4974.0,2025-10-03,2025-12-31,499.17728400645063,620.5133052820732,0.6289322538932655,17.67058576275695,17.45741029454638,graph_neighbor_blend_metrics/graph_neighbor_blend_metrics.csv,,,,300.0,0.9,,,,,,,,graph_neighbor_blend,graph
graph_model,graph_neighbor_blend,potato,15,2307.0,2025-09-02,2025-11-30,261.6637221572387,446.56564034344586,0.8998849572302491,10.395485902878407,10.042707540316744,graph_neighbor_blend_metrics/graph_neighbor_blend_metrics.csv,,,,75.0,0.95,,,,,,,,graph_neighbor_blend,graph
graph_model,graph_neighbor_blend,potato,15,2307.0,2025-09-02,2025-11-30,260.3683942546618,442.69125667310067,0.9016146086830892,10.32689490360547,9.992992588671386,graph_neighbor_blend_metrics/graph_neighbor_blend_metrics.csv,,,,150.0,0.95,,,,,,,,graph_neighbor_blend,graph
graph_model,graph_neighbor_blend,potato,15,2307.0,2025-09-02,2025-11-30,260.5879778930978,442.1808405681626,0.9018413515313948,10.346580369783617,10.001420253933007,graph_neighbor_blend_metrics/graph_neighbor_blend_metrics.csv,,,,300.0,0.95,,,,,,,,graph_neighbor_blend,graph
graph_model,graph_neighbor_blend,tomato,15,24442.0,2025-10-03,2025-12-31,897.855032322778,1273.324427582433,0.2270883801353318,25.124924212648743,26.976661460948176,graph_neighbor_blend_metrics/graph_neighbor_blend_metrics.csv,,,,75.0,0.8,,,,,,,,graph_neighbor_blend,graph
graph_model,graph_neighbor_blend,tomato,15,24442.0,2025-10-03,2025-12-31,899.838555464748,1275.399251076137,0.2245674802078502,25.087415586163083,27.03625775475348,graph_neighbor_blend_metrics/graph_neighbor_blend_metrics.csv,,,,150.0,0.8,,,,,,,,graph_neighbor_blend,graph
graph_model,graph_neighbor_blend,tomato,15,24442.0,2025-10-03,2025-12-31,898.8264163317405,1273.882920644921,0.2264102176266085,24.977887226746397,27.005847350223156,graph_neighbor_blend_metrics/graph_neighbor_blend_metrics.csv,,,,300.0,0.8,,,,,,,,graph_neighbor_blend,graph
graph_model,graph_neighbor_blend,wheat,15,288.0,2025-09-02,2025-11-30,38.82698702892684,65.82790637892286,0.6630349452407603,1.548591066122846,1.534110793192252,graph_neighbor_blend_metrics/graph_neighbor_blend_metrics.csv,,,,75.0,1.0,,,,,,,,graph_neighbor_blend,graph
graph_model,graph_neighbor_blend,wheat,15,288.0,2025-09-02,2025-11-30,38.82698702892684,65.82790637892286,0.6630349452407603,1.548591066122846,1.534110793192252,graph_neighbor_blend_metrics/graph_neighbor_blend_metrics.csv,,,,150.0,1.0,,,,,,,,graph_neighbor_blend,graph
graph_model,graph_neighbor_blend,wheat,15,288.0,2025-09-02,2025-11-30,109.5777616930154,120.99443955674386,-0.1384018772265913,4.3274398656250845,4.329576919833167,graph_neighbor_blend_metrics/graph_neighbor_blend_metrics.csv,,,,300.0,0.95,,,,,,,,graph_neighbor_blend,graph
graph_model,graph_histgb_augmented,onion,15,4974.0,2025-10-03,2025-12-31,438.8633119248116,556.6536682797157,0.7013784395452475,15.375192066528127,15.348088033981773,graph_histgb_metrics/graph_histgb_metrics.csv,10000.0,,,75.0,,,,,,,,,graph_histgb_augmented,graph
graph_model,graph_histgb_augmented,onion,15,4974.0,2025-10-03,2025-12-31,444.4197661099322,563.5843507756116,0.6938961015689651,15.515626833442436,15.542410379169352,graph_histgb_metrics/graph_histgb_metrics.csv,10000.0,,,150.0,,,,,,,,,graph_histgb_augmented,graph
graph_model,graph_histgb_augmented,onion,15,4974.0,2025-10-03,2025-12-31,456.8344348695739,575.3011250769318,0.6810361560554246,15.967477656503457,15.97658070933436,graph_histgb_metrics/graph_histgb_metrics.csv,10000.0,,,300.0,,,,,,,,,graph_histgb_augmented,graph
graph_model,graph_histgb_augmented,potato,15,2307.0,2025-09-02,2025-11-30,240.07505018513908,371.61641895486696,0.9306704284804976,9.393451868269132,9.214129864312635,graph_histgb_metrics/graph_histgb_metrics.csv,10000.0,,,75.0,,,,,,,,,graph_histgb_augmented,graph
graph_model,graph_histgb_augmented,potato,15,2307.0,2025-09-02,2025-11-30,237.74317438391583,370.62790474188574,0.9310387766629268,9.26535071717234,9.124631990862856,graph_histgb_metrics/graph_histgb_metrics.csv,10000.0,,,150.0,,,,,,,,,graph_histgb_augmented,graph
graph_model,graph_histgb_augmented,potato,15,2307.0,2025-09-02,2025-11-30,238.45844773464245,370.278868558166,0.9311686029822775,9.255908197880345,9.15208432935865,graph_histgb_metrics/graph_histgb_metrics.csv,10000.0,,,300.0,,,,,,,,,graph_histgb_augmented,graph
graph_model,graph_histgb_augmented,tomato,15,24442.0,2025-10-03,2025-12-31,863.2720068417817,1253.1354956574091,0.2514035580807605,23.503132208544425,25.93759107975016,graph_histgb_metrics/graph_histgb_metrics.csv,10000.0,,,75.0,,,,,,,,,graph_histgb_augmented,graph
graph_model,graph_histgb_augmented,tomato,15,24442.0,2025-10-03,2025-12-31,867.400269863518,1255.8987093469675,0.2480985483015239,23.55251534048781,26.061627533242017,graph_histgb_metrics/graph_histgb_metrics.csv,10000.0,,,150.0,,,,,,,,,graph_histgb_augmented,graph
graph_model,graph_histgb_augmented,tomato,15,24442.0,2025-10-03,2025-12-31,860.9047055611082,1248.602180221484,0.2568099733769707,23.351277685819703,25.866463912305782,graph_histgb_metrics/graph_histgb_metrics.csv,10000.0,,,300.0,,,,,,,,,graph_histgb_augmented,graph
graph_model,graph_histgb_augmented,wheat,15,288.0,2025-09-02,2025-11-30,43.210970340913086,66.77427646334543,0.6532765937879024,1.7338968855258663,1.7073283573334554,graph_histgb_metrics/graph_histgb_metrics.csv,10000.0,,,75.0,,,,,,,,,graph_histgb_augmented,graph
graph_model,graph_histgb_augmented,wheat,15,288.0,2025-09-02,2025-11-30,42.88520727801873,66.95478018880425,0.6513995399487236,1.7222620085590703,1.6944569843773911,graph_histgb_metrics/graph_histgb_metrics.csv,10000.0,,,150.0,,,,,,,,,graph_histgb_augmented,graph
graph_model,graph_histgb_augmented,wheat,15,288.0,2025-09-02,2025-11-30,44.88010011131554,69.61664137795428,0.623130568134197,1.8035058115873128,1.7732781049691708,graph_histgb_metrics/graph_histgb_metrics.csv,10000.0,,,300.0,,,,,,,,,graph_histgb_augmented,graph
,,onion,15,,2025-10-03,2025-12-31,352.73577880859375,450.05053535686415,0.8048027753829956,,12.336005210876465,gat_gru_ablations/ablation_summary.csv,,delta_current,,,,full_graph,0.25,1.0,795.0,19.0,edge_weights,edge_weights__corr_heavy,edge_weights__corr_heavy,graph
,,onion,15,,2025-10-03,2025-12-31,352.68792724609375,449.98595464191993,0.8048588037490845,,12.334331512451172,gat_gru_ablations/ablation_summary.csv,,delta_current,,,,full_graph,0.25,1.0,795.0,19.0,edge_weights,edge_weights__geo_heavy,edge_weights__geo_heavy,graph
,,onion,15,,2025-10-03,2025-12-31,352.6414489746094,449.9294736400362,0.8049077987670898,,12.332706451416016,gat_gru_ablations/ablation_summary.csv,,delta_current,,,,full_graph,0.25,1.0,795.0,19.0,edge_weights,edge_weights__state_cluster_heavy,edge_weights__state_cluster_heavy,graph
,,onion,15,,2025-10-03,2025-12-31,394.6143798828125,501.1849084918659,0.7579265832901001,,13.800600051879885,gat_gru_ablations/ablation_summary.csv,,delta_current,,,,corr_only,0.25,1.0,795.0,19.0,graph_mode,graph_mode__corr_only,graph_mode__corr_only,graph
,,onion,15,,2025-10-03,2025-12-31,371.891845703125,469.14836405981424,0.7878849506378174,,13.005937576293944,gat_gru_ablations/ablation_summary.csv,,delta_current,,,,geo_only,0.25,1.0,795.0,19.0,graph_mode,graph_mode__geo_only,graph_mode__geo_only,graph
,,onion,15,,2025-10-03,2025-12-31,350.46319580078125,447.4372861083439,0.8070630431175232,,12.2565279006958,gat_gru_ablations/ablation_summary.csv,,delta_current,,,,shuffled_graph,0.25,1.0,795.0,19.0,graph_mode,graph_mode__shuffled_graph,graph_mode__shuffled_graph,graph
,,onion,15,,2025-10-03,2025-12-31,363.1668701171875,456.5009926057117,0.799167275428772,,12.700804710388184,gat_gru_ablations/ablation_summary.csv,,delta_current,,,,temporal_only,0.25,0.95,795.0,19.0,graph_mode,graph_mode__temporal_only,graph_mode__temporal_only,graph
,,onion,15,,2025-10-03,2025-12-31,352.71746826171875,449.9850344733701,0.8048595786094666,,12.33536434173584,gat_gru_ablations/ablation_summary.csv,,delta_current,,,,full_graph,0.25,1.0,795.0,19.0,k_neighbors,k_neighbors__k14,k_neighbors__k14,graph
,,onion,15,,2025-10-03,2025-12-31,352.9200744628906,450.2186621520703,0.8046569228172302,,12.342451095581056,gat_gru_ablations/ablation_summary.csv,,delta_current,,,,full_graph,0.25,1.0,795.0,19.0,k_neighbors,k_neighbors__k18,k_neighbors__k18,graph
,,onion,15,,2025-10-03,2025-12-31,352.6759948730469,449.9988368040522,0.8048475980758667,,12.333914756774902,gat_gru_ablations/ablation_summary.csv,,delta_current,,,,full_graph,0.25,1.0,795.0,19.0,k_neighbors,k_neighbors__k6,k_neighbors__k6,graph
,,onion,15,,2025-10-03,2025-12-31,352.7446594238281,450.0706368171556,0.8047853708267212,,12.336316108703612,gat_gru_ablations/ablation_summary.csv,,delta_current,,,,full_graph,0.25,1.0,795.0,19.0,reference,full_graph_delta_current_default,full_graph_delta_current_default,graph
,,onion,15,,2025-10-03,2025-12-31,355.64013671875,440.2249425009901,0.8132328987121582,,12.437577247619627,gat_gru_ablations/ablation_summary.csv,,delta_roll28,,,,full_graph,0.25,0.8500000000000001,795.0,19.0,target_mode,target_mode__delta_roll28,target_mode__delta_roll28,graph
,,onion,15,,2025-10-03,2025-12-31,387.840576171875,482.6243686864558,0.7755241394042969,,13.563702583312988,gat_gru_ablations/ablation_summary.csv,,delta_roll7,,,,full_graph,0.25,1.0,795.0,19.0,target_mode,target_mode__delta_roll7,target_mode__delta_roll7,graph
,,potato,15,,2025-09-02,2025-11-30,266.425537109375,398.35870299266713,0.920333206653595,,10.22546672821045,gat_gru_ablations/ablation_summary.csv,,delta_current,,,,full_graph,0.25,0.75,802.0,18.0,edge_weights,edge_weights__corr_heavy,edge_weights__corr_heavy,graph
,,potato,15,,2025-09-02,2025-11-30,266.56121826171875,398.34923041848594,0.9203369617462158,,10.230674743652344,gat_gru_ablations/ablation_summary.csv,,delta_current,,,,full_graph,0.25,0.75,802.0,18.0,edge_weights,edge_weights__geo_heavy,edge_weights__geo_heavy,graph
,,potato,15,,2025-09-02,2025-11-30,266.4549255371094,398.30772886676453,0.9203535914421082,,10.226594924926758,gat_gru_ablations/ablation_summary.csv,,delta_current,,,,full_graph,0.25,0.75,802.0,18.0,edge_weights,edge_weights__state_cluster_heavy,edge_weights__state_cluster_heavy,graph
,,potato,15,,2025-09-02,2025-11-30,254.8184051513672,387.4689302060231,0.9246293306350708,,9.779982566833496,gat_gru_ablations/ablation_summary.csv,,delta_current,,,,corr_only,0.25,1.0,802.0,18.0,graph_mode,graph_mode__corr_only,graph_mode__corr_only,graph
,,potato,15,,2025-09-02,2025-11-30,260.6939697265625,398.40957255066047,0.9203128814697266,,10.005488395690918,gat_gru_ablations/ablation_summary.csv,,delta_current,,,,geo_only,0.25,0.8500000000000001,802.0,18.0,graph_mode,graph_mode__geo_only,graph_mode__geo_only,graph
,,potato,15,,2025-09-02,2025-11-30,259.5588684082031,384.6796759967961,0.9257105588912964,,9.961922645568848,gat_gru_ablations/ablation_summary.csv,,delta_current,,,,shuffled_graph,0.25,0.8500000000000001,802.0,18.0,graph_mode,graph_mode__shuffled_graph,graph_mode__shuffled_graph,graph
,,potato,15,,2025-09-02,2025-11-30,250.9730224609375,382.6326567348898,0.92649906873703,,9.63239574432373,gat_gru_ablations/ablation_summary.csv,,delta_current,,,,temporal_only,0.25,1.0,802.0,18.0,graph_mode,graph_mode__temporal_only,graph_mode__temporal_only,graph
,,potato,15,,2025-09-02,2025-11-30,266.7708740234375,398.6439514152949,0.92021906375885,,10.238720893859863,gat_gru_ablations/ablation_summary.csv,,delta_current,,,,full_graph,0.25,0.75,802.0,18.0,k_neighbors,k_neighbors__k14,k_neighbors__k14,graph
,,potato,15,,2025-09-02,2025-11-30,266.9086608886719,398.8077152588701,0.9201534986495972,,10.244009971618652,gat_gru_ablations/ablation_summary.csv,,delta_current,,,,full_graph,0.25,0.75,802.0,18.0,k_neighbors,k_neighbors__k18,k_neighbors__k18,graph
,,potato,15,,2025-09-02,2025-11-30,266.5098571777344,398.3970224537327,0.9203178882598876,,10.228703498840332,gat_gru_ablations/ablation_summary.csv,,delta_current,,,,full_graph,0.25,0.75,802.0,18.0,k_neighbors,k_neighbors__k6,k_neighbors__k6,graph
,,potato,15,,2025-09-02,2025-11-30,265.9269714355469,397.6695786076677,0.9206085801124572,,10.206331253051758,gat_gru_ablations/ablation_summary.csv,,delta_current,,,,full_graph,0.25,0.8500000000000001,802.0,18.0,reference,full_graph_delta_current_default,full_graph_delta_current_default,graph
,,potato,15,,2025-09-02,2025-11-30,241.08753967285156,353.05785866129645,0.9374221563339232,,9.252988815307615,gat_gru_ablations/ablation_summary.csv,,delta_roll28,,,,full_graph,0.25,0.55,802.0,18.0,target_mode,target_mode__delta_roll28,target_mode__delta_roll28,graph
,,potato,15,,2025-09-02,2025-11-30,246.6266326904297,363.2252443388262,0.9337660074234008,,9.465579986572266,gat_gru_ablations/ablation_summary.csv,,delta_roll7,,,,full_graph,0.25,0.75,802.0,18.0,target_mode,target_mode__delta_roll7,target_mode__delta_roll7,graph
,,tomato,15,,2025-10-03,2025-12-31,851.029541015625,1221.6698612964142,0.2885255217552185,,25.56975746154785,gat_gru_ablations/ablation_summary.csv,,delta_current,,,,full_graph,0.25,0.15,758.0,75.0,edge_weights,edge_weights__corr_heavy,edge_weights__corr_heavy,graph
,,tomato,15,,2025-10-03,2025-12-31,851.0145874023438,1221.6556388770118,0.2885420322418213,,25.569307327270508,gat_gru_ablations/ablation_summary.csv,,delta_current,,,,full_graph,0.25,0.15,758.0,75.0,edge_weights,edge_weights__geo_heavy,edge_weights__geo_heavy,graph
,,tomato,15,,2025-10-03,2025-12-31,851.0122680664062,1221.6551784362066,0.288542628288269,,25.569238662719727,gat_gru_ablations/ablation_summary.csv,,delta_current,,,,full_graph,0.25,0.15,758.0,75.0,edge_weights,edge_weights__state_cluster_heavy,edge_weights__state_cluster_heavy,graph
,,tomato,15,,2025-10-03,2025-12-31,853.1669921875,1211.397436847214,0.3004400730133056,,25.63398170471191,gat_gru_ablations/ablation_summary.csv,,delta_current,,,,corr_only,0.25,0.25,758.0,75.0,graph_mode,graph_mode__corr_only,graph_mode__corr_only,graph
,,tomato,15,,2025-10-03,2025-12-31,851.9284057617188,1215.491618646546,0.2957034111022949,,25.596765518188477,gat_gru_ablations/ablation_summary.csv,,delta_current,,,,geo_only,0.25,0.25,758.0,75.0,graph_mode,graph_mode__geo_only,graph_mode__geo_only,graph
,,tomato,15,,2025-10-03,2025-12-31,849.7664794921875,1223.6422577698108,0.2862262725830078,,25.531810760498047,gat_gru_ablations/ablation_summary.csv,,delta_current,,,,shuffled_graph,0.25,0.1,758.0,75.0,graph_mode,graph_mode__shuffled_graph,graph_mode__shuffled_graph,graph
,,tomato,15,,2025-10-03,2025-12-31,849.6576538085938,1207.4471520526272,0.304995059967041,,25.52853775024414,gat_gru_ablations/ablation_summary.csv,,delta_current,,,,temporal_only,0.25,0.25,758.0,75.0,graph_mode,graph_mode__temporal_only,graph_mode__temporal_only,graph
,,tomato,15,,2025-10-03,2025-12-31,850.96044921875,1221.5657984734182,0.2886466979980469,,25.567684173583984,gat_gru_ablations/ablation_summary.csv,,delta_current,,,,full_graph,0.25,0.15,758.0,75.0,k_neighbors,k_neighbors__k14,k_neighbors__k14,graph
,,tomato,15,,2025-10-03,2025-12-31,850.875244140625,1221.4272900995786,0.2888079881668091,,25.56512451171875,gat_gru_ablations/ablation_summary.csv,,delta_current,,,,full_graph,0.25,0.15,758.0,75.0,k_neighbors,k_neighbors__k18,k_neighbors__k18,graph
,,tomato,15,,2025-10-03,2025-12-31,851.0531616210938,1221.6918085180075,0.2884999513626098,,25.570470809936523,gat_gru_ablations/ablation_summary.csv,,delta_current,,,,full_graph,0.25,0.15,758.0,75.0,k_neighbors,k_neighbors__k6,k_neighbors__k6,graph
,,tomato,15,,2025-10-03,2025-12-31,843.8936157226562,1204.086583265506,0.3088583946228027,,25.355356216430664,gat_gru_ablations/ablation_summary.csv,,delta_current,,,,full_graph,0.25,0.3,758.0,75.0,reference,full_graph_delta_current_default,full_graph_delta_current_default,graph
,,tomato,15,,2025-10-03,2025-12-31,772.5399780273438,1141.2792164934924,0.3790802955627441,,23.21148681640625,gat_gru_ablations/ablation_summary.csv,,delta_roll28,,,,full_graph,0.25,0.0,758.0,75.0,target_mode,target_mode__delta_roll28,target_mode__delta_roll28,graph
,,tomato,15,,2025-10-03,2025-12-31,823.6384887695312,1188.0300922114725,0.3271681666374206,,24.746776580810547,gat_gru_ablations/ablation_summary.csv,,delta_roll7,,,,full_graph,0.25,0.05,758.0,75.0,target_mode,target_mode__delta_roll7,target_mode__delta_roll7,graph
,,wheat,15,,2025-09-02,2025-11-30,39.604713439941406,65.24324977057013,0.6689936518669128,,1.5648398399353027,gat_gru_ablations/ablation_summary.csv,,delta_current,,,,full_graph,0.25,0.25,786.0,18.0,edge_weights,edge_weights__corr_heavy,edge_weights__corr_heavy,graph
,,wheat,15,,2025-09-02,2025-11-30,39.61481475830078,65.25298574347,0.6688948273658752,,1.5652388334274292,gat_gru_ablations/ablation_summary.csv,,delta_current,,,,full_graph,0.25,0.25,786.0,18.0,edge_weights,edge_weights__geo_heavy,edge_weights__geo_heavy,graph
,,wheat,15,,2025-09-02,2025-11-30,39.61170959472656,65.2432797066104,0.6689932942390442,,1.565116286277771,gat_gru_ablations/ablation_summary.csv,,delta_current,,,,full_graph,0.25,0.25,786.0,18.0,edge_weights,edge_weights__state_cluster_heavy,edge_weights__state_cluster_heavy,graph
,,wheat,15,,2025-09-02,2025-11-30,39.59811782836914,65.25088301605581,0.6689161062240601,,1.5645792484283447,gat_gru_ablations/ablation_summary.csv,,delta_current,,,,corr_only,0.25,0.25,786.0,18.0,graph_mode,graph_mode__corr_only,graph_mode__corr_only,graph
,,wheat,15,,2025-09-02,2025-11-30,39.59642028808594,65.25462073557512,0.6688782572746277,,1.564512014389038,gat_gru_ablations/ablation_summary.csv,,delta_current,,,,geo_only,0.25,0.25,786.0,18.0,graph_mode,graph_mode__geo_only,graph_mode__geo_only,graph
,,wheat,15,,2025-09-02,2025-11-30,39.61355972290039,65.25289969011914,0.6688957214355469,,1.565189242362976,gat_gru_ablations/ablation_summary.csv,,delta_current,,,,shuffled_graph,0.25,0.25,786.0,18.0,graph_mode,graph_mode__shuffled_graph,graph_mode__shuffled_graph,graph
,,wheat,15,,2025-09-02,2025-11-30,39.53057861328125,65.22955259121436,0.6691325902938843,,1.561910629272461,gat_gru_ablations/ablation_summary.csv,,delta_current,,,,temporal_only,0.25,0.25,786.0,18.0,graph_mode,graph_mode__temporal_only,graph_mode__temporal_only,graph
,,wheat,15,,2025-09-02,2025-11-30,39.61277389526367,65.24801691191465,0.6689452528953552,,1.565158128738403,gat_gru_ablations/ablation_summary.csv,,delta_current,,,,full_graph,0.25,0.25,786.0,18.0,k_neighbors,k_neighbors__k14,k_neighbors__k14,graph
,,wheat,15,,2025-09-02,2025-11-30,39.598297119140625,65.2415808145963,0.6690105199813843,,1.5645864009857178,gat_gru_ablations/ablation_summary.csv,,delta_current,,,,full_graph,0.25,0.25,786.0,18.0,k_neighbors,k_neighbors__k18,k_neighbors__k18,graph
,,wheat,15,,2025-09-02,2025-11-30,39.60865783691406,65.24564835225603,0.6689692735671997,,1.564995527267456,gat_gru_ablations/ablation_summary.csv,,delta_current,,,,full_graph,0.25,0.25,786.0,18.0,k_neighbors,k_neighbors__k6,k_neighbors__k6,graph
,,wheat,15,,2025-09-02,2025-11-30,39.05100631713867,61.84733440850543,0.7025546431541443,,1.5429619550704956,gat_gru_ablations/ablation_summary.csv,,delta_current,,,,full_graph,0.25,0.95,786.0,18.0,reference,full_graph_delta_current_default,full_graph_delta_current_default,graph
,,wheat,15,,2025-09-02,2025-11-30,55.31039047241211,77.47127113687047,0.5332906246185303,,2.185393810272217,gat_gru_ablations/ablation_summary.csv,,delta_roll28,,,,full_graph,0.25,0.4,786.0,18.0,target_mode,target_mode__delta_roll28,target_mode__delta_roll28,graph
,,wheat,15,,2025-09-02,2025-11-30,40.9202995300293,65.50364523492185,0.6663461923599243,,1.6168204545974731,gat_gru_ablations/ablation_summary.csv,,delta_roll7,,,,full_graph,0.25,0.0,786.0,18.0,target_mode,target_mode__delta_roll7,target_mode__delta_roll7,graph
graph_deep,graph_wavenet_plus_mps,onion,15,,2025-10-03,2025-12-31,731.2091674804688,909.0797544770205,0.16143733263015747,,27.444684982299805,graph_wavenet_plus_mps/graph_training_summary.json,,,,,,,,,825.0,34.0,,,graph_wavenet_plus_mps,graph
graph_deep,graph_wavenet_plus_mps,potato,15,,2025-09-02,2025-11-30,276.3859558105469,426.9526832682985,0.9131473898887634,,10.517256736755371,graph_wavenet_plus_mps/graph_training_summary.json,,,,,,,,,817.0,33.0,,,graph_wavenet_plus_mps,graph
graph_deep,graph_wavenet_plus_mps,tomato,15,,2025-10-03,2025-12-31,895.7781372070312,1231.3585992715525,0.27612441778182983,,26.935317993164062,graph_wavenet_plus_mps/graph_training_summary.json,,,,,,,,,818.0,75.0,,,graph_wavenet_plus_mps,graph
graph_deep,graph_wavenet_plus_mps,wheat,15,,2025-09-02,2025-11-30,66.71510314941406,88.88736893096089,0.3627045154571533,,2.6307079792022705,graph_wavenet_plus_mps/graph_training_summary.json,,,,,,,,,831.0,33.0,,,graph_wavenet_plus_mps,graph
graph_deep,graph_gat_gru_mps,onion,15,,2025-10-03,2025-12-31,352.7446594238281,450.0706368171556,0.8047853708267212,,12.336316108703613,graph_gat_gru_mps/graph_training_summary.json,,delta_current,,,,full_graph,0.25,1.0,795.0,19.0,,,graph_gat_gru_mps,graph
graph_deep,graph_gat_gru_mps,potato,15,,2025-09-02,2025-11-30,265.9269714355469,397.6695786076677,0.9206085801124573,,10.206331253051758,graph_gat_gru_mps/graph_training_summary.json,,delta_current,,,,full_graph,0.25,0.8500000000000001,802.0,18.0,,,graph_gat_gru_mps,graph
graph_deep,graph_gat_gru_mps,tomato,15,,2025-10-03,2025-12-31,843.8936157226562,1204.0865832655059,0.30885839462280273,,25.355356216430664,graph_gat_gru_mps/graph_training_summary.json,,delta_current,,,,full_graph,0.25,0.30000000000000004,758.0,75.0,,,graph_gat_gru_mps,graph
graph_deep,graph_gat_gru_mps,wheat,15,,2025-09-02,2025-11-30,39.05100631713867,61.84733440850543,0.7025546431541443,,1.5429619550704956,graph_gat_gru_mps/graph_training_summary.json,,delta_current,,,,full_graph,0.25,0.9500000000000001,786.0,18.0,,,graph_gat_gru_mps,graph
